t_secs,target_id,detected,tx_mm,ty_mm,tz_mm,qx,qy,qz,qw,pwm_a,pwm_b,pwm_c,touch_x_px,touch_y_px,touch_x_mm,touch_y_mm
0.0000,284,0,-165.1631,13.6925,574.9132,-0.0682,-0.3182,-0.0305,0.9451,1859.0000,1875.0000,1861.0000,,,,
0.0139,284,0,-165.1631,13.6925,574.9132,-0.0682,-0.3182,-0.0305,0.9451,1859.0000,1864.0000,1861.0000,,,,
0.0223,284,0,-165.1631,13.6925,574.9132,-0.0682,-0.3182,-0.0305,0.9451,1859.0000,1856.0000,1861.0000,,,,
0.0320,284,0,-165.1631,13.6925,574.9132,-0.0682,-0.3182,-0.0305,0.9451,1859.0000,1846.0000,1861.0000,,,,
0.0423,284,0,-293.9909,31.1663,764.6045,-0.0433,0.4016,-0.1258,0.9061,1859.0000,1836.0000,1861.0000,,,,
0.0541,284,0,-293.9909,31.1663,764.6045,-0.0433,0.4016,-0.1258,0.9061,1859.0000,1824.0000,1861.0000,,,,
0.0661,284,0,-293.9909,31.1663,764.6045,-0.0433,0.4016,-0.1258,0.9061,1859.0000,1812.0000,1861.0000,,,,
0.0784,284,0,-270.0405,-4.7284,673.0242,-0.3209,0.2577,0.0275,0.9110,1859.0000,1800.0000,1861.0000,,,,
0.0870,284,0,-270.0405,-4.7284,673.0242,-0.3209,0.2577,0.0275,0.9110,1859.0000,1790.0000,1861.0000,,,,
0.0983,284,0,-270.0405,-4.7284,673.0242,-0.3209,0.2577,0.0275,0.9110,1859.0000,1777.0000,1861.0000,,,,
0.1100,284,0,-232.6983,27.7978,672.4091,-0.0586,0.0424,-0.0618,0.9955,1859.0000,1764.0000,1861.0000,,,,
0.1235,284,0,-232.6983,27.7978,672.4091,-0.0586,0.0424,-0.0618,0.9955,1859.0000,1749.0000,1861.0000,,,,
0.1346,284,0,-232.6983,27.7978,672.4091,-0.0586,0.0424,-0.0618,0.9955,1859.0000,1737.0000,1861.0000,,,,
0.1458,284,0,-278.5562,35.1482,797.9127,0.0840,0.2601,-0.0604,0.9600,1859.0000,1725.0000,1861.0000,,,,
0.1568,284,0,-278.5562,35.1482,797.9127,0.0840,0.2601,-0.0604,0.9600,1859.0000,1713.0000,1861.0000,,,,
0.1669,284,0,-278.5562,35.1482,797.9127,0.0840,0.2601,-0.0604,0.9600,1859.0000,1702.0000,1861.0000,,,,
0.1780,284,0,-278.5562,35.1482,797.9127,0.0840,0.2601,-0.0604,0.9600,1859.0000,1689.0000,1861.0000,,,,
0.1901,284,0,-266.7700,160.8005,857.1505,-0.2049,0.2614,-0.1673,0.9283,1859.0000,1676.0000,1861.0000,,,,
0.2022,284,0,-266.7700,160.8005,857.1505,-0.2049,0.2614,-0.1673,0.9283,1859.0000,1666.0000,1861.0000,,,,
0.2124,284,0,-266.7700,160.8005,857.1505,-0.2049,0.2614,-0.1673,0.9283,1859.0000,1657.0000,1861.0000,,,,
0.2232,284,0,-205.8233,4.9056,705.7415,0.5245,0.2851,-0.1725,0.7835,1859.0000,1648.0000,1861.0000,,,,
0.2347,284,0,-205.8233,4.9056,705.7415,0.5245,0.2851,-0.1725,0.7835,1859.0000,1634.0000,1861.0000,,,,
0.2458,284,0,-205.8233,4.9056,705.7415,0.5245,0.2851,-0.1725,0.7835,1859.0000,1621.0000,1861.0000,,,,
0.2587,284,0,-205.8233,4.9056,705.7415,0.5245,0.2851,-0.1725,0.7835,1859.0000,1606.0000,1861.0000,,,,
0.2700,284,0,-230.3912,61.9023,753.1341,0.2876,0.1751,-0.1407,0.9310,1859.0000,1594.0000,1861.0000,,,,
0.2785,284,0,-230.3912,61.9023,753.1341,0.2876,0.1751,-0.1407,0.9310,1859.0000,1585.0000,1861.0000,,,,
0.2900,284,0,-230.3912,61.9023,753.1341,0.2876,0.1751,-0.1407,0.9310,1859.0000,1573.0000,1861.0000,,,,
0.3022,284,0,-230.0212,30.3595,693.3337,-0.0680,0.0611,-0.0594,0.9940,1859.0000,1561.0000,1861.0000,,,,
0.3146,284,0,-230.0212,30.3595,693.3337,-0.0680,0.0611,-0.0594,0.9940,1859.0000,1549.0000,1861.0000,,,,
0.3266,284,0,-230.0212,30.3595,693.3337,-0.0680,0.0611,-0.0594,0.9940,1859.0000,1538.0000,1861.0000,,,,
0.3386,284,0,-219.7098,27.8529,676.6994,-0.0693,0.0570,-0.0552,0.9944,1859.0000,1526.0000,1861.0000,,,,
0.3477,284,0,-219.7098,27.8529,676.6994,-0.0693,0.0570,-0.0552,0.9944,1859.0000,1518.0000,1861.0000,,,,
0.3579,284,0,-219.7098,27.8529,676.6994,-0.0693,0.0570,-0.0552,0.9944,1859.0000,1509.0000,1861.0000,,,,
0.3701,284,0,-219.7098,27.8529,676.6994,-0.0693,0.0570,-0.0552,0.9944,1859.0000,1497.0000,1861.0000,,,,
0.3825,284,0,-141.4847,42.0191,850.5964,0.1620,0.3463,-0.1023,0.9183,1859.0000,1485.0000,1861.0000,,,,
0.3947,284,0,-141.4847,42.0191,850.5964,0.1620,0.3463,-0.1023,0.9183,1859.0000,1478.0000,1861.0000,,,,
0.4034,284,0,-141.4847,42.0191,850.5964,0.1620,0.3463,-0.1023,0.9183,1859.0000,1473.0000,1861.0000,,,,
0.4141,284,0,-175.7800,24.3516,591.4538,-0.2563,-0.2856,-0.0934,0.9187,1859.0000,1466.0000,1861.0000,,,,
0.4259,284,0,-175.7800,24.3516,591.4538,-0.2563,-0.2856,-0.0934,0.9187,1859.0000,1462.0000,1861.0000,,,,
0.4382,284,0,-175.7800,24.3516,591.4538,-0.2563,-0.2856,-0.0934,0.9187,1859.0000,1456.0000,1861.0000,,,,
0.4507,284,0,-191.1441,31.0918,683.3777,-0.0717,0.0747,-0.0515,0.9933,1859.0000,1449.0000,1861.0000,,,,
0.4632,284,0,-191.1441,31.0918,683.3777,-0.0717,0.0747,-0.0515,0.9933,1859.0000,1444.0000,1861.0000,,,,
0.4710,284,0,-191.1441,31.0918,683.3777,-0.0717,0.0747,-0.0515,0.9933,1859.0000,1440.0000,1861.0000,,,,
0.4823,284,0,-191.1441,31.0918,683.3777,-0.0717,0.0747,-0.0515,0.9933,1859.0000,1434.0000,1861.0000,,,,
0.4941,284,0,-212.5945,28.9817,819.1368,0.2035,0.3165,-0.0758,0.9234,1859.0000,1428.0000,1861.0000,,,,
0.5065,284,0,-212.5945,28.9817,819.1368,0.2035,0.3165,-0.0758,0.9234,1859.0000,1431.0000,1860.0000,,,,
0.5185,284,0,-212.5945,28.9817,819.1368,0.2035,0.3165,-0.0758,0.9234,1859.0000,1432.0000,1860.0000,,,,
0.5298,284,0,-138.1386,18.1289,569.9500,-0.2654,-0.2619,-0.0862,0.9239,1859.0000,1431.0000,1860.0000,,,,
0.5382,284,0,-138.1386,18.1289,569.9500,-0.2654,-0.2619,-0.0862,0.9239,1859.0000,1432.0000,1861.0000,,,,
0.5503,284,0,-138.1386,18.1289,569.9500,-0.2654,-0.2619,-0.0862,0.9239,1859.0000,1432.0000,1861.0000,,,,
0.5619,284,0,-138.1386,18.1289,569.9500,-0.2654,-0.2619,-0.0862,0.9239,1859.0000,1431.0000,1861.0000,,,,
0.5742,284,0,-189.6389,-8.1051,690.7604,-0.3447,0.2585,0.0556,0.9007,1859.0000,1428.0000,1861.0000,,,,
0.5866,284,0,-189.6389,-8.1051,690.7604,-0.3447,0.2585,0.0556,0.9007,1859.0000,1426.0000,1861.0000,,,,
0.5949,284,0,-189.6389,-8.1051,690.7604,-0.3447,0.2585,0.0556,0.9007,1859.0000,1424.0000,1861.0000,,,,
0.6062,284,0,-96.8569,5.7631,355.3372,-0.4947,-0.3352,-0.2904,0.7474,1859.0000,1421.0000,1861.0000,,,,
0.6187,284,0,-96.8569,5.7631,355.3372,-0.4947,-0.3352,-0.2904,0.7474,1859.0000,1425.0000,1861.0000,,,,
0.6302,284,0,-96.8569,5.7631,355.3372,-0.4947,-0.3352,-0.2904,0.7474,1859.0000,1427.0000,1861.0000,,,,
0.6420,284,0,-112.6298,49.6855,796.6728,-0.0897,0.3894,-0.0942,0.9118,1859.0000,1428.0000,1861.0000,,,,
0.6541,284,0,-112.6298,49.6855,796.6728,-0.0897,0.3894,-0.0942,0.9118,1859.0000,1435.0000,1861.0000,,,,
0.6643,284,0,-112.6298,49.6855,796.6728,-0.0897,0.3894,-0.0942,0.9118,1859.0000,1438.0000,1861.0000,,,,
0.6742,284,0,-112.6298,49.6855,796.6728,-0.0897,0.3894,-0.0942,0.9118,1859.0000,1440.0000,1861.0000,,,,
0.6865,284,0,-6.0829,-9.6811,506.3470,-0.1818,-0.3190,-0.0473,0.9290,1859.0000,1441.0000,1861.0000,,,,
0.6986,284,0,-6.0829,-9.6811,506.3470,-0.1818,-0.3190,-0.0473,0.9290,1859.0000,1449.0000,1861.0000,,,,
0.7099,284,0,-6.0829,-9.6811,506.3470,-0.1818,-0.3190,-0.0473,0.9290,1859.0000,1453.0000,1861.0000,,,,
0.7225,284,0,-6.0829,-9.6811,506.3470,-0.1818,-0.3190,-0.0473,0.9290,1859.0000,1455.0000,1861.0000,,,,
0.7323,284,0,-256.8646,4.7915,337.5227,-0.6493,0.2845,0.2777,0.6484,1859.0000,1459.0000,1861.0000,,,,
0.7434,284,0,-256.8646,4.7915,337.5227,-0.6493,0.2845,0.2777,0.6484,1859.0000,1486.0000,1861.0000,,,,
0.7548,284,0,-256.8646,4.7915,337.5227,-0.6493,0.2845,0.2777,0.6484,1859.0000,1508.0000,1861.0000,,,,
0.7667,284,0,56.1953,52.1924,853.0637,0.3951,0.0622,-0.1171,0.9090,1859.0000,1527.0000,1861.0000,,,,
0.7782,284,0,56.1953,52.1924,853.0637,0.3951,0.0622,-0.1171,0.9090,1859.0000,1544.0000,1861.0000,,,,
0.7869,284,0,56.1953,52.1924,853.0637,0.3951,0.0622,-0.1171,0.9090,1859.0000,1554.0000,1861.0000,,,,
0.7979,284,0,56.1953,52.1924,853.0637,0.3951,0.0622,-0.1171,0.9090,1859.0000,1564.0000,1861.0000,,,,
0.8097,284,0,3.4062,-31.0698,493.9558,-0.3075,-0.2464,-0.0513,0.9176,1859.0000,1573.0000,1861.0000,,,,
0.8229,284,0,3.4062,-31.0698,493.9558,-0.3075,-0.2464,-0.0513,0.9176,1859.0000,1585.0000,1861.0000,,,,
0.8344,284,0,3.4062,-31.0698,493.9558,-0.3075,-0.2464,-0.0513,0.9176,1859.0000,1592.0000,1861.0000,,,,
0.8463,284,0,3.4062,-31.0698,493.9558,-0.3075,-0.2464,-0.0513,0.9176,1859.0000,1598.0000,1861.0000,,,,
0.8545,284,0,1.4528,-38.9838,459.9909,-0.3270,-0.1591,-0.0412,0.9306,1859.0000,1602.0000,1861.0000,,,,
0.8663,284,0,1.4528,-38.9838,459.9909,-0.3270,-0.1591,-0.0412,0.9306,1859.0000,1622.0000,1861.0000,,,,
0.8786,284,0,1.4528,-38.9838,459.9909,-0.3270,-0.1591,-0.0412,0.9306,1859.0000,1638.0000,1861.0000,,,,
0.8901,284,0,1.4528,-38.9838,459.9909,-0.3270,-0.1591,-0.0412,0.9306,1859.0000,1650.0000,1861.0000,,,,
0.9024,284,0,-49.5847,-8.5536,204.1799,-0.4956,-0.3192,-0.2159,0.7784,1859.0000,1659.0000,1861.0000,,,,
0.9139,284,0,-49.5847,-8.5536,204.1799,-0.4956,-0.3192,-0.2159,0.7784,1859.0000,1663.0000,1861.0000,,,,
0.9223,284,0,-49.5847,-8.5536,204.1799,-0.4956,-0.3192,-0.2159,0.7784,1859.0000,1665.0000,1861.0000,,,,
0.9342,284,0,-49.5847,-8.5536,204.1799,-0.4956,-0.3192,-0.2159,0.7784,1859.0000,1667.0000,1861.0000,,,,
0.9460,284,0,-49.5847,-8.5536,204.1799,-0.4956,-0.3192,-0.2159,0.7784,1859.0000,1668.0000,1861.0000,,,,
0.9589,284,0,-4.9816,-18.3624,576.4739,-0.2711,-0.0984,-0.0343,0.9569,1859.0000,1671.0000,1861.0000,,,,
0.9710,284,0,-4.9816,-18.3624,576.4739,-0.2711,-0.0984,-0.0343,0.9569,1859.0000,1695.0000,1861.0000,,,,
0.9794,284,0,-4.9816,-18.3624,576.4739,-0.2711,-0.0984,-0.0343,0.9569,1859.0000,1707.0000,1861.0000,,,,
0.9902,284,0,-4.9816,-18.3624,576.4739,-0.2711,-0.0984,-0.0343,0.9569,1859.0000,1720.0000,1861.0000,,,,
1.0036,284,0,149.4775,57.4445,959.3030,0.3191,0.3996,-0.2496,0.8223,1859.0000,1734.0000,1861.0000,,,,
1.0138,284,0,149.4775,57.4445,959.3030,0.3191,0.3996,-0.2496,0.8223,1859.0000,1747.0000,1861.0000,,,,
1.0262,284,0,149.4775,57.4445,959.3030,0.3191,0.3996,-0.2496,0.8223,1846.0000,1760.0000,1861.0000,,,,
1.0382,284,0,149.4775,57.4445,959.3030,0.3191,0.3996,-0.2496,0.8223,1831.0000,1770.0000,1861.0000,,,,
1.0474,284,0,67.9080,8.4149,572.9003,-0.1630,-0.1089,-0.0423,0.9797,1821.0000,1777.0000,1861.0000,,,,
1.0588,284,0,67.9080,8.4149,572.9003,-0.1630,-0.1089,-0.0423,0.9797,1799.0000,1793.0000,1861.0000,,,,
1.0700,284,0,67.9080,8.4149,572.9003,-0.1630,-0.1089,-0.0423,0.9797,1781.0000,1806.0000,1861.0000,,,,
1.0824,284,0,67.9080,8.4149,572.9003,-0.1630,-0.1089,-0.0423,0.9797,1769.0000,1819.0000,1861.0000,,,,
1.0942,284,0,67.9080,8.4149,572.9003,-0.1630,-0.1089,-0.0423,0.9797,1761.0000,1830.0000,1861.0000,,,,
1.1032,284,0,17.8737,12.3556,627.0786,-0.2019,0.2426,0.0228,0.9486,1754.0000,1838.0000,1861.0000,,,,
1.1143,284,0,17.8737,12.3556,627.0786,-0.2019,0.2426,0.0228,0.9486,1738.0000,1859.0000,1861.0000,,,,
1.1261,284,0,17.8737,12.3556,627.0786,-0.2019,0.2426,0.0228,0.9486,1725.0000,1875.0000,1861.0000,,,,
1.1389,284,0,17.8737,12.3556,627.0786,-0.2019,0.2426,0.0228,0.9486,1714.0000,1878.0000,1861.0000,,,,
1.1503,284,0,17.8737,12.3556,627.0786,-0.2019,0.2426,0.0228,0.9486,1707.0000,1878.0000,1861.0000,,,,
1.1618,284,0,9.3139,25.2313,640.6828,-0.3027,0.2863,0.0384,0.9083,1700.0000,1879.0000,1861.0000,,,,
1.1713,284,0,9.3139,25.2313,640.6828,-0.3027,0.2863,0.0384,0.9083,1691.0000,1879.0000,1861.0000,,,,
1.1817,284,0,9.3139,25.2313,640.6828,-0.3027,0.2863,0.0384,0.9083,1683.0000,1879.0000,1861.0000,,,,
1.1946,284,0,9.3139,25.2313,640.6828,-0.3027,0.2863,0.0384,0.9083,1675.0000,1879.0000,1861.0000,,,,
1.2066,284,0,9.3139,25.2313,640.6828,-0.3027,0.2863,0.0384,0.9083,1668.0000,1879.0000,1861.0000,,,,
1.2192,284,0,105.0720,44.7759,508.7951,0.1770,-0.1753,-0.0662,0.9662,1660.0000,1879.0000,1861.0000,,,,
1.2302,284,0,105.0720,44.7759,508.7951,0.1770,-0.1753,-0.0662,0.9662,1643.0000,1879.0000,1861.0000,,,,
1.2386,284,0,105.0720,44.7759,508.7951,0.1770,-0.1753,-0.0662,0.9662,1632.0000,1879.0000,1861.0000,,,,
1.2497,284,0,105.0720,44.7759,508.7951,0.1770,-0.1753,-0.0662,0.9662,1620.0000,1879.0000,1861.0000,,,,
1.2620,284,0,105.0720,44.7759,508.7951,0.1770,-0.1753,-0.0662,0.9662,1606.0000,1879.0000,1861.0000,,,,
1.2747,284,0,56.2384,-1.2727,560.1054,-0.1616,0.1634,-0.0070,0.9732,1594.0000,1879.0000,1861.0000,,,,
1.2859,284,0,56.2384,-1.2727,560.1054,-0.1616,0.1634,-0.0070,0.9732,1583.0000,1879.0000,1861.0000,,,,
1.2945,284,0,56.2384,-1.2727,560.1054,-0.1616,0.1634,-0.0070,0.9732,1576.0000,1879.0000,1861.0000,,,,
1.3063,284,0,56.2384,-1.2727,560.1054,-0.1616,0.1634,-0.0070,0.9732,1566.0000,1879.0000,1861.0000,,,,
1.3180,284,0,56.2384,-1.2727,560.1054,-0.1616,0.1634,-0.0070,0.9732,1557.0000,1879.0000,1861.0000,,,,
1.3299,284,0,228.7112,-104.2600,808.4915,0.0144,0.3767,0.0945,0.9214,1548.0000,1879.0000,1861.0000,,,,
1.3434,284,0,228.7112,-104.2600,808.4915,0.0144,0.3767,0.0945,0.9214,1528.0000,1879.0000,1861.0000,,,,
1.3549,284,0,228.7112,-104.2600,808.4915,0.0144,0.3767,0.0945,0.9214,1514.0000,1879.0000,1861.0000,,,,
1.3637,284,0,228.7112,-104.2600,808.4915,0.0144,0.3767,0.0945,0.9214,1504.0000,1879.0000,1861.0000,,,,
1.3740,284,0,228.7112,-104.2600,808.4915,0.0144,0.3767,0.0945,0.9214,1494.0000,1879.0000,1861.0000,,,,
1.3859,284,0,-51.0131,168.8476,434.8254,-0.4314,0.6397,0.1249,0.6237,1483.0000,1879.0000,1861.0000,,,,
1.3978,284,0,-51.0131,168.8476,434.8254,-0.4314,0.6397,0.1249,0.6237,1459.0000,1879.0000,1861.0000,,,,
1.4105,284,0,-51.0131,168.8476,434.8254,-0.4314,0.6397,0.1249,0.6237,1438.0000,1879.0000,1861.0000,,,,
1.4234,284,0,-51.0131,168.8476,434.8254,-0.4314,0.6397,0.1249,0.6237,1421.0000,1880.0000,1861.0000,,,,
1.4319,284,0,-51.0131,168.8476,434.8254,-0.4314,0.6397,0.1249,0.6237,1411.0000,1880.0000,1861.0000,,,,
1.4431,284,0,490.5134,-92.2424,958.5046,0.2395,0.6248,-0.1552,0.7268,1400.0000,1880.0000,1861.0000,,,,
1.4546,284,0,490.5134,-92.2424,958.5046,0.2395,0.6248,-0.1552,0.7268,1385.0000,1880.0000,1861.0000,,,,
1.4666,284,0,490.5134,-92.2424,958.5046,0.2395,0.6248,-0.1552,0.7268,1371.0000,1880.0000,1861.0000,,,,
1.4798,284,0,490.5134,-92.2424,958.5046,0.2395,0.6248,-0.1552,0.7268,1358.0000,1881.0000,1861.0000,,,,
1.4882,284,0,490.5134,-92.2424,958.5046,0.2395,0.6248,-0.1552,0.7268,1350.0000,1881.0000,1861.0000,,,,
1.4976,284,0,490.5134,-92.2424,958.5046,0.2395,0.6248,-0.1552,0.7268,1342.0000,1881.0000,1861.0000,,,,
1.5102,284,0,180.5392,-42.3449,649.2050,0.2577,0.4312,-0.1111,0.8575,1333.0000,1881.0000,1861.0000,,,,
1.5222,284,0,180.5392,-42.3449,649.2050,0.2577,0.4312,-0.1111,0.8575,1329.0000,1881.0000,1861.0000,,,,
1.5344,284,0,180.5392,-42.3449,649.2050,0.2577,0.4312,-0.1111,0.8575,1324.0000,1881.0000,1861.0000,,,,
1.5463,284,0,180.5392,-42.3449,649.2050,0.2577,0.4312,-0.1111,0.8575,1320.0000,1881.0000,1861.0000,,,,
1.5573,284,0,180.5392,-42.3449,649.2050,0.2577,0.4312,-0.1111,0.8575,1315.0000,1881.0000,1861.0000,,,,
1.5674,284,0,85.0042,-36.1725,453.6466,-0.1062,0.0683,0.0019,0.9920,1311.0000,1881.0000,1861.0000,,,,
1.5787,284,0,85.0042,-36.1725,453.6466,-0.1062,0.0683,0.0019,0.9920,1306.0000,1881.0000,1861.0000,,,,
1.5913,284,0,85.0042,-36.1725,453.6466,-0.1062,0.0683,0.0019,0.9920,1300.0000,1881.0000,1861.0000,,,,
1.6023,284,0,85.0042,-36.1725,453.6466,-0.1062,0.0683,0.0019,0.9920,1295.0000,1881.0000,1861.0000,,,,
1.6140,284,0,81.8568,-31.0380,358.3991,-0.0334,-0.0762,-0.0011,0.9965,1288.0000,1882.0000,1861.0000,,,,
1.6225,284,0,81.8568,-31.0380,358.3991,-0.0334,-0.0762,-0.0011,0.9965,1279.0000,1882.0000,1861.0000,,,,
1.6346,284,0,81.8568,-31.0380,358.3991,-0.0334,-0.0762,-0.0011,0.9965,1266.0000,1882.0000,1861.0000,,,,
1.6461,284,0,81.8568,-31.0380,358.3991,-0.0334,-0.0762,-0.0011,0.9965,1255.0000,1882.0000,1861.0000,,,,
1.6590,284,0,81.8568,-31.0380,358.3991,-0.0334,-0.0762,-0.0011,0.9965,1245.0000,1882.0000,1861.0000,,,,
1.6701,284,0,81.8568,-31.0380,358.3991,-0.0334,-0.0762,-0.0011,0.9965,1236.0000,1882.0000,1861.0000,,,,
1.6784,284,0,42.4917,-49.0675,420.6383,-0.2273,0.1921,0.0839,0.9510,1229.0000,1882.0000,1861.0000,,,,
1.6911,284,0,42.4917,-49.0675,420.6383,-0.2273,0.1921,0.0839,0.9510,1206.0000,1882.0000,1861.0000,,,,
1.7024,284,0,42.4917,-49.0675,420.6383,-0.2273,0.1921,0.0839,0.9510,1189.0000,1882.0000,1861.0000,,,,
1.7140,284,0,42.4917,-49.0675,420.6383,-0.2273,0.1921,0.0839,0.9510,1174.0000,1882.0000,1861.0000,,,,
1.7263,284,0,42.4917,-49.0675,420.6383,-0.2273,0.1921,0.0839,0.9510,1159.0000,1882.0000,1861.0000,,,,
1.7380,284,0,122.7228,-27.8730,518.7056,-0.0655,0.2557,0.0132,0.9644,1149.0000,1882.0000,1861.0000,,,,
1.7474,284,0,122.7228,-27.8730,518.7056,-0.0655,0.2557,0.0132,0.9644,1152.0000,1882.0000,1861.0000,,,,
1.7579,284,0,122.7228,-27.8730,518.7056,-0.0655,0.2557,0.0132,0.9644,1154.0000,1882.0000,1861.0000,,,,
1.7704,284,0,122.7228,-27.8730,518.7056,-0.0655,0.2557,0.0132,0.9644,1155.0000,1882.0000,1861.0000,,,,
1.7827,284,0,122.7228,-27.8730,518.7056,-0.0655,0.2557,0.0132,0.9644,1154.0000,1882.0000,1861.0000,,,,
1.7948,284,0,46.0234,-21.4083,299.9127,-0.0463,-0.0786,-0.0115,0.9958,1152.0000,1882.0000,1861.0000,,,,
1.8070,284,0,46.0234,-21.4083,299.9127,-0.0463,-0.0786,-0.0115,0.9958,1147.0000,1882.0000,1861.0000,,,,
1.8155,284,0,46.0234,-21.4083,299.9127,-0.0463,-0.0786,-0.0115,0.9958,1143.0000,1882.0000,1861.0000,,,,
1.8273,284,0,46.0234,-21.4083,299.9127,-0.0463,-0.0786,-0.0115,0.9958,1138.0000,1882.0000,1861.0000,,,,
1.8397,284,0,46.0234,-21.4083,299.9127,-0.0463,-0.0786,-0.0115,0.9958,1134.0000,1882.0000,1861.0000,,,,
1.8499,284,0,30.0768,-39.0201,289.2958,-0.1455,-0.0560,0.0194,0.9876,1130.0000,1882.0000,1861.0000,,,,
1.8621,284,0,30.0768,-39.0201,289.2958,-0.1455,-0.0560,0.0194,0.9876,1131.0000,1883.0000,1861.0000,,,,
1.8714,284,0,30.0768,-39.0201,289.2958,-0.1455,-0.0560,0.0194,0.9876,1130.0000,1883.0000,1861.0000,,,,
1.8827,284,0,30.0768,-39.0201,289.2958,-0.1455,-0.0560,0.0194,0.9876,1129.0000,1883.0000,1861.0000,,,,
1.8948,284,0,30.0768,-39.0201,289.2958,-0.1455,-0.0560,0.0194,0.9876,1126.0000,1883.0000,1862.0000,,,,
1.9067,284,0,40.4121,-36.9932,369.0664,-0.1221,0.0813,0.0344,0.9886,1122.0000,1884.0000,1862.0000,,,,
1.9186,284,0,40.4121,-36.9932,369.0664,-0.1221,0.0813,0.0344,0.9886,1123.0000,1883.0000,1862.0000,,,,
1.9302,284,0,40.4121,-36.9932,369.0664,-0.1221,0.0813,0.0344,0.9886,1123.0000,1883.0000,1862.0000,,,,
1.9391,284,0,40.4121,-36.9932,369.0664,-0.1221,0.0813,0.0344,0.9886,1123.0000,1883.0000,1862.0000,,,,
1.9504,284,0,40.4121,-36.9932,369.0664,-0.1221,0.0813,0.0344,0.9886,1121.0000,1883.0000,1862.0000,,,,
1.9622,284,0,107.8628,-23.5358,504.8976,-0.0726,0.3040,0.0211,0.9497,1121.0000,1883.0000,1862.0000,,,,
1.9742,284,0,107.8628,-23.5358,504.8976,-0.0726,0.3040,0.0211,0.9497,1134.0000,1883.0000,1862.0000,,,,
1.9863,284,0,107.8628,-23.5358,504.8976,-0.0726,0.3040,0.0211,0.9497,1143.0000,1884.0000,1862.0000,,,,
1.9950,284,0,107.8628,-23.5358,504.8976,-0.0726,0.3040,0.0211,0.9497,1148.0000,1884.0000,1862.0000,,,,
2.0068,284,0,107.8628,-23.5358,504.8976,-0.0726,0.3040,0.0211,0.9497,1153.0000,1884.0000,1862.0000,,,,
2.0182,284,0,46.4861,-18.0034,385.2045,-0.0504,0.0889,0.0089,0.9947,1156.0000,1884.0000,1862.0000,,,,
2.0302,284,0,46.4861,-18.0034,385.2045,-0.0504,0.0889,0.0089,0.9947,1162.0000,1884.0000,1862.0000,,,,
2.0419,284,0,46.4861,-18.0034,385.2045,-0.0504,0.0889,0.0089,0.9947,1166.0000,1884.0000,1862.0000,,,,
2.0538,284,0,46.4861,-18.0034,385.2045,-0.0504,0.0889,0.0089,0.9947,1168.0000,1884.0000,1862.0000,,,,
2.0625,284,0,46.4861,-18.0034,385.2045,-0.0504,0.0889,0.0089,0.9947,1169.0000,1884.0000,1862.0000,,,,
2.0742,284,0,89.2600,-2.6497,478.9981,-0.0265,0.2531,-0.0057,0.9670,1172.0000,1884.0000,1862.0000,,,,
2.0860,284,0,89.2600,-2.6497,478.9981,-0.0265,0.2531,-0.0057,0.9670,1189.0000,1884.0000,1862.0000,,,,
2.0984,284,0,89.2600,-2.6497,478.9981,-0.0265,0.2531,-0.0057,0.9670,1204.0000,1884.0000,1862.0000,,,,
2.1115,284,0,89.2600,-2.6497,478.9981,-0.0265,0.2531,-0.0057,0.9670,1214.0000,1884.0000,1862.0000,,,,
2.1217,284,0,89.2600,-2.6497,478.9981,-0.0265,0.2531,-0.0057,0.9670,1220.0000,1884.0000,1862.0000,,,,
2.1309,284,0,3.9995,0.0294,330.0410,-0.1065,0.0700,0.0093,0.9918,1225.0000,1884.0000,1862.0000,,,,
2.1430,284,0,3.9995,0.0294,330.0410,-0.1065,0.0700,0.0093,0.9918,1238.0000,1884.0000,1862.0000,,,,
2.1549,284,0,3.9995,0.0294,330.0410,-0.1065,0.0700,0.0093,0.9918,1248.0000,1884.0000,1862.0000,,,,
2.1670,284,0,3.9995,0.0294,330.0410,-0.1065,0.0700,0.0093,0.9918,1255.0000,1884.0000,1862.0000,,,,
2.1779,284,0,3.9995,0.0294,330.0410,-0.1065,0.0700,0.0093,0.9918,1260.0000,1884.0000,1862.0000,,,,
2.1868,284,0,3.9995,0.0294,330.0410,-0.1065,0.0700,0.0093,0.9918,1263.0000,1884.0000,1862.0000,,,,
2.1987,284,0,24.2152,-13.8700,416.6389,-0.1764,0.2052,0.0602,0.9608,1268.0000,1884.0000,1862.0000,,,,
2.2110,284,0,24.2152,-13.8700,416.6389,-0.1764,0.2052,0.0602,0.9608,1294.0000,1885.0000,1862.0000,,,,
2.2225,284,0,24.2152,-13.8700,416.6389,-0.1764,0.2052,0.0602,0.9608,1315.0000,1885.0000,1862.0000,,,,
2.2335,284,0,24.2152,-13.8700,416.6389,-0.1764,0.2052,0.0602,0.9608,1330.0000,1885.0000,1862.0000,,,,
2.2462,284,0,24.2152,-13.8700,416.6389,-0.1764,0.2052,0.0602,0.9608,1343.0000,1885.0000,1862.0000,,,,
2.2548,284,0,24.6963,16.2569,361.9336,-0.0212,0.0231,-0.0210,0.9993,1352.0000,1885.0000,1862.0000,,,,
2.2660,284,0,24.6963,16.2569,361.9336,-0.0212,0.0231,-0.0210,0.9993,1381.0000,1885.0000,1862.0000,,,,
2.2779,284,0,24.6963,16.2569,361.9336,-0.0212,0.0231,-0.0210,0.9993,1405.0000,1885.0000,1862.0000,,,,
2.2902,284,0,24.6963,16.2569,361.9336,-0.0212,0.0231,-0.0210,0.9993,1425.0000,1885.0000,1862.0000,,,,
2.3022,284,0,24.6963,16.2569,361.9336,-0.0212,0.0231,-0.0210,0.9993,1440.0000,1885.0000,1862.0000,,,,
2.3141,284,0,27.6494,17.8763,452.7716,-0.0643,0.2354,-0.0025,0.9698,1453.0000,1885.0000,1862.0000,,,,
2.3239,284,0,27.6494,17.8763,452.7716,-0.0643,0.2354,-0.0025,0.9698,1481.0000,1885.0000,1862.0000,,,,
2.3341,284,0,27.6494,17.8763,452.7716,-0.0643,0.2354,-0.0025,0.9698,1506.0000,1885.0000,1862.0000,,,,
2.3456,284,0,27.6494,17.8763,452.7716,-0.0643,0.2354,-0.0025,0.9698,1524.0000,1886.0000,1862.0000,,,,
2.3579,284,0,27.6494,17.8763,452.7716,-0.0643,0.2354,-0.0025,0.9698,1539.0000,1886.0000,1862.0000,,,,
2.3700,284,0,-0.1273,27.3828,387.3389,-0.1066,0.0902,-0.0129,0.9901,1553.0000,1886.0000,1862.0000,,,,
2.3788,284,0,-0.1273,27.3828,387.3389,-0.1066,0.0902,-0.0129,0.9901,1579.0000,1886.0000,1862.0000,,,,
2.3905,284,0,-0.1273,27.3828,387.3389,-0.1066,0.0902,-0.0129,0.9901,1608.0000,1886.0000,1862.0000,,,,
2.4037,284,0,-0.1273,27.3828,387.3389,-0.1066,0.0902,-0.0129,0.9901,1633.0000,1886.0000,1862.0000,,,,
2.4151,284,0,-0.1273,27.3828,387.3389,-0.1066,0.0902,-0.0129,0.9901,1651.0000,1886.0000,1862.0000,,,,
2.4266,284,0,0.7447,28.3938,451.3562,-0.0760,0.2211,-0.0007,0.9723,1667.0000,1886.0000,1862.0000,,,,
2.4379,284,0,0.7447,28.3938,451.3562,-0.0760,0.2211,-0.0007,0.9723,1700.0000,1886.0000,1862.0000,,,,
2.4464,284,0,0.7447,28.3938,451.3562,-0.0760,0.2211,-0.0007,0.9723,1721.0000,1885.0000,1862.0000,,,,
2.4591,284,0,0.7447,28.3938,451.3562,-0.0760,0.2211,-0.0007,0.9723,1747.0000,1866.0000,1862.0000,,,,
2.4707,284,0,0.7447,28.3938,451.3562,-0.0760,0.2211,-0.0007,0.9723,1766.0000,1851.0000,1862.0000,,,,
2.4825,284,0,-29.2332,31.9757,412.2406,-0.1323,0.1606,0.0036,0.9781,1788.0000,1833.0000,1862.0000,,,,
2.4941,284,0,-29.2332,31.9757,412.2406,-0.1323,0.1606,0.0036,0.9781,1848.0000,1800.0000,1862.0000,,,,
2.5073,284,0,-29.2332,31.9757,412.2406,-0.1323,0.1606,0.0036,0.9781,1853.0000,1772.0000,1862.0000,,,,
2.5160,284,0,-29.2332,31.9757,412.2406,-0.1323,0.1606,0.0036,0.9781,1854.0000,1757.0000,1862.0000,,,,
2.5261,284,0,-29.2332,31.9757,412.2406,-0.1323,0.1606,0.0036,0.9781,1854.0000,1741.0000,1862.0000,,,,
2.5382,284,0,-29.2332,31.9757,412.2406,-0.1323,0.1606,0.0036,0.9781,1854.0000,1725.0000,1862.0000,,,,
2.5508,284,0,-33.6325,33.3678,417.9437,-0.0840,0.1595,-0.0086,0.9836,1854.0000,1707.0000,1862.0000,,,,
2.5619,284,0,-33.6325,33.3678,417.9437,-0.0840,0.1595,-0.0086,0.9836,1854.0000,1675.0000,1862.0000,,,,
2.5715,284,0,-33.6325,33.3678,417.9437,-0.0840,0.1595,-0.0086,0.9836,1855.0000,1652.0000,1862.0000,,,,
2.5823,284,0,-33.6325,33.3678,417.9437,-0.0840,0.1595,-0.0086,0.9836,1855.0000,1630.0000,1862.0000,,,,
2.5940,284,0,-33.6325,33.3678,417.9437,-0.0840,0.1595,-0.0086,0.9836,1855.0000,1611.0000,1862.0000,,,,
2.6059,284,0,-45.0025,32.6527,419.1971,-0.0381,0.1833,-0.0237,0.9820,1855.0000,1594.0000,1862.0000,,,,
2.6193,284,0,-45.0025,32.6527,419.1971,-0.0381,0.1833,-0.0237,0.9820,1855.0000,1556.0000,1862.0000,,,,
2.6311,284,0,-45.0025,32.6527,419.1971,-0.0381,0.1833,-0.0237,0.9820,1855.0000,1527.0000,1862.0000,,,,
2.6400,284,0,-45.0025,32.6527,419.1971,-0.0381,0.1833,-0.0237,0.9820,1855.0000,1510.0000,1862.0000,,,,
2.6496,284,0,-45.0025,32.6527,419.1971,-0.0381,0.1833,-0.0237,0.9820,1855.0000,1493.0000,1862.0000,,,,
2.6624,284,0,-54.3684,32.8835,405.7063,-0.0607,0.1767,-0.0232,0.9821,1855.0000,1474.0000,1862.0000,,,,
2.6750,284,0,-54.3684,32.8835,405.7063,-0.0607,0.1767,-0.0232,0.9821,1855.0000,1447.0000,1862.0000,,,,
2.6864,284,0,-54.3684,32.8835,405.7063,-0.0607,0.1767,-0.0232,0.9821,1855.0000,1427.0000,1862.0000,,,,
2.6982,284,0,-54.3684,32.8835,405.7063,-0.0607,0.1767,-0.0232,0.9821,1855.0000,1414.0000,1862.0000,,,,
2.7068,284,0,-54.3684,32.8835,405.7063,-0.0607,0.1767,-0.0232,0.9821,1855.0000,1403.0000,1862.0000,,,,
2.7178,284,0,-59.1441,26.3344,388.3830,-0.0852,0.1481,-0.0087,0.9853,1855.0000,1391.0000,1862.0000,,,,
2.7301,284,0,-59.1441,26.3344,388.3830,-0.0852,0.1481,-0.0087,0.9853,1856.0000,1365.0000,1862.0000,,,,
2.7427,284,0,-59.1441,26.3344,388.3830,-0.0852,0.1481,-0.0087,0.9853,1856.0000,1343.0000,1862.0000,,,,
2.7549,284,0,-59.1441,26.3344,388.3830,-0.0852,0.1481,-0.0087,0.9853,1856.0000,1325.0000,1862.0000,,,,
2.7635,284,0,-59.1441,26.3344,388.3830,-0.0852,0.1481,-0.0087,0.9853,1856.0000,1316.0000,1862.0000,,,,
2.7744,284,0,-59.1441,26.3344,388.3830,-0.0852,0.1481,-0.0087,0.9853,1856.0000,1304.0000,1862.0000,,,,
2.7864,284,0,-59.4598,34.7723,392.3376,-0.0540,0.1781,-0.0263,0.9822,1856.0000,1295.0000,1862.0000,,,,
2.7985,284,0,-59.4598,34.7723,392.3376,-0.0540,0.1781,-0.0263,0.9822,1856.0000,1293.0000,1862.0000,,,,
2.8104,284,0,-59.4598,34.7723,392.3376,-0.0540,0.1781,-0.0263,0.9822,1856.0000,1288.0000,1862.0000,,,,
2.8236,284,0,-59.4598,34.7723,392.3376,-0.0540,0.1781,-0.0263,0.9822,1856.0000,1284.0000,1862.0000,,,,
2.8321,284,0,-59.4598,34.7723,392.3376,-0.0540,0.1781,-0.0263,0.9822,1856.0000,1280.0000,1862.0000,,,,
2.8419,284,0,-53.8496,38.0188,385.7664,-0.0436,0.1805,-0.0337,0.9820,1856.0000,1277.0000,1862.0000,,,,
2.8543,284,0,-53.8496,38.0188,385.7664,-0.0436,0.1805,-0.0337,0.9820,1856.0000,1286.0000,1862.0000,,,,
2.8663,284,0,-53.8496,38.0188,385.7664,-0.0436,0.1805,-0.0337,0.9820,1856.0000,1291.0000,1862.0000,,,,
2.8782,284,0,-53.8496,38.0188,385.7664,-0.0436,0.1805,-0.0337,0.9820,1856.0000,1296.0000,1862.0000,,,,
2.8872,284,0,-53.8496,38.0188,385.7664,-0.0436,0.1805,-0.0337,0.9820,1856.0000,1299.0000,1862.0000,,,,
2.8979,284,0,-50.4419,37.6554,363.7807,-0.0603,0.1497,-0.0273,0.9865,1856.0000,1301.0000,1862.0000,,,,
2.9099,284,0,-50.4419,37.6554,363.7807,-0.0603,0.1497,-0.0273,0.9865,1856.0000,1319.0000,1862.0000,,,,
2.9219,284,0,-50.4419,37.6554,363.7807,-0.0603,0.1497,-0.0273,0.9865,1856.0000,1334.0000,1862.0000,,,,
2.9345,284,0,-50.4419,37.6554,363.7807,-0.0603,0.1497,-0.0273,0.9865,1856.0000,1345.0000,1862.0000,,,,
2.9459,284,0,-34.2670,40.6884,374.0176,-0.0490,0.1964,-0.0228,0.9790,1856.0000,1354.0000,1862.0000,,,,
2.9551,284,0,-34.2670,40.6884,374.0176,-0.0490,0.1964,-0.0228,0.9790,1856.0000,1379.0000,1859.0000,,,,
2.9673,284,0,-34.2670,40.6884,374.0176,-0.0490,0.1964,-0.0228,0.9790,1856.0000,1407.0000,1856.0000,,,,
2.9780,284,0,-34.2670,40.6884,374.0176,-0.0490,0.1964,-0.0228,0.9790,1856.0000,1426.0000,1854.0000,,,,
2.9906,284,0,-34.2670,40.6884,374.0176,-0.0490,0.1964,-0.0228,0.9790,1856.0000,1443.0000,1852.0000,,,,
3.0021,284,0,-22.4993,42.3027,370.4089,-0.0484,0.2044,-0.0204,0.9775,1856.0000,1459.0000,1851.0000,,,,
3.0143,284,0,-22.4993,42.3027,370.4089,-0.0484,0.2044,-0.0204,0.9775,1856.0000,1495.0000,1846.0000,,,,
3.0235,284,0,-22.4993,42.3027,370.4089,-0.0484,0.2044,-0.0204,0.9775,1856.0000,1518.0000,1843.0000,,,,
3.0346,284,0,-22.4993,42.3027,370.4089,-0.0484,0.2044,-0.0204,0.9775,1856.0000,1540.0000,1841.0000,,,,
3.0464,284,0,-22.4993,42.3027,370.4089,-0.0484,0.2044,-0.0204,0.9775,1856.0000,1558.0000,1838.0000,,,,
3.0591,284,0,-3.1022,41.1288,369.6129,-0.0487,0.2168,-0.0136,0.9749,1856.0000,1581.0000,1837.0000,,,,
3.0706,284,0,-3.1022,41.1288,369.6129,-0.0487,0.2168,-0.0136,0.9749,1856.0000,1625.0000,1835.0000,,,,
3.0799,284,0,-3.1022,41.1288,369.6129,-0.0487,0.2168,-0.0136,0.9749,1856.0000,1654.0000,1833.0000,,,,
3.0910,284,0,-3.1022,41.1288,369.6129,-0.0487,0.2168,-0.0136,0.9749,1856.0000,1682.0000,1832.0000,,,,
3.1023,284,1,12.1301,44.9920,358.9408,-0.0101,0.2040,-0.0233,0.9786,1856.0000,1726.0000,1816.0000,,,,
3.1144,284,1,12.1301,44.9920,358.9408,-0.0101,0.2040,-0.0233,0.9786,1856.0000,1793.0000,1783.0000,,,,
3.1262,284,1,12.1301,44.9920,358.9408,-0.0101,0.2040,-0.0233,0.9786,1856.0000,1845.0000,1756.0000,,,,
3.1386,284,1,12.1301,44.9920,358.9408,-0.0101,0.2040,-0.0233,0.9786,1856.0000,1880.0000,1732.0000,,,,
3.1470,284,1,9.9897,39.7442,307.0633,-0.0421,0.1023,-0.0005,0.9939,1856.0000,1881.0000,1719.0000,,,,
3.1582,284,1,9.9897,39.7442,307.0633,-0.0421,0.1023,-0.0005,0.9939,1856.0000,1882.0000,1709.0000,,,,
3.1700,284,1,9.9897,39.7442,307.0633,-0.0421,0.1023,-0.0005,0.9939,1856.0000,1882.0000,1707.0000,,,,
3.1820,284,1,9.9897,39.7442,307.0633,-0.0421,0.1023,-0.0005,0.9939,1856.0000,1882.0000,1704.0000,,,,
3.1945,284,1,9.9897,39.7442,307.0633,-0.0421,0.1023,-0.0005,0.9939,1832.0000,1883.0000,1699.0000,,,,
3.2064,284,0,21.5649,51.1147,295.5162,0.0332,0.0598,-0.0303,0.9972,1830.0000,1883.0000,1732.0000,,,,
3.2174,284,0,21.5649,51.1147,295.5162,0.0332,0.0598,-0.0303,0.9972,1777.0000,1883.0000,1757.0000,,,,
3.2261,284,0,21.5649,51.1147,295.5162,0.0332,0.0598,-0.0303,0.9972,1743.0000,1883.0000,1771.0000,,,,
3.2387,284,0,21.5649,51.1147,295.5162,0.0332,0.0598,-0.0303,0.9972,1705.0000,1883.0000,1786.0000,,,,
3.2507,284,1,21.9335,39.9119,299.3103,-0.0329,0.1035,-0.0008,0.9941,1662.0000,1883.0000,1769.0000,,,,
3.2629,284,1,21.9335,39.9119,299.3103,-0.0329,0.1035,-0.0008,0.9941,1628.0000,1883.0000,1756.0000,,,,
3.2717,284,1,21.9335,39.9119,299.3103,-0.0329,0.1035,-0.0008,0.9941,1608.0000,1883.0000,1748.0000,,,,
3.2819,284,1,21.9335,39.9119,299.3103,-0.0329,0.1035,-0.0008,0.9941,1588.0000,1883.0000,1739.0000,,,,
3.2957,284,1,35.7365,41.0178,339.0073,-0.0524,0.2362,0.0067,0.9703,1565.0000,1883.0000,1728.0000,,,,
3.3069,284,1,35.7365,41.0178,339.0073,-0.0524,0.2362,0.0067,0.9703,1549.0000,1883.0000,1719.0000,,,,
3.3182,284,1,35.7365,41.0178,339.0073,-0.0524,0.2362,0.0067,0.9703,1536.0000,1883.0000,1711.0000,,,,
3.3304,284,1,35.7365,41.0178,339.0073,-0.0524,0.2362,0.0067,0.9703,1523.0000,1883.0000,1705.0000,,,,
3.3391,284,0,37.5455,43.4286,333.6921,-0.0510,0.2346,0.0073,0.9707,1536.0000,1883.0000,1714.0000,,,,
3.3510,284,0,37.5455,43.4286,333.6921,-0.0510,0.2346,0.0073,0.9707,1524.0000,1883.0000,1734.0000,,,,
3.3626,284,0,37.5455,43.4286,333.6921,-0.0510,0.2346,0.0073,0.9707,1516.0000,1883.0000,1749.0000,,,,
3.3756,284,0,37.5455,43.4286,333.6921,-0.0510,0.2346,0.0073,0.9707,1506.0000,1883.0000,1763.0000,,,,
3.3864,284,0,28.0623,53.7242,287.8326,0.0361,0.0741,-0.0181,0.9964,1501.0000,1883.0000,1771.0000,,,,
3.3985,284,0,28.0623,53.7242,287.8326,0.0361,0.0741,-0.0181,0.9964,1504.0000,1883.0000,1767.0000,,,,
3.4071,284,0,28.0623,53.7242,287.8326,0.0361,0.0741,-0.0181,0.9964,1505.0000,1883.0000,1765.0000,,,,
3.4183,284,0,28.0623,53.7242,287.8326,0.0361,0.0741,-0.0181,0.9964,1507.0000,1883.0000,1762.0000,,,,
3.4302,284,0,31.4918,53.4300,325.6659,-0.0592,0.2284,0.0101,0.9717,1511.0000,1883.0000,1758.0000,,,,
3.4420,284,0,31.4918,53.4300,325.6659,-0.0592,0.2284,0.0101,0.9717,1529.0000,1883.0000,1743.0000,,,,
3.4540,284,0,31.4918,53.4300,325.6659,-0.0592,0.2284,0.0101,0.9717,1543.0000,1883.0000,1731.0000,,,,
3.4629,284,0,31.4918,53.4300,325.6659,-0.0592,0.2284,0.0101,0.9717,1550.0000,1883.0000,1724.0000,,,,
3.4747,284,1,23.9908,56.8216,321.7124,-0.0613,0.2231,0.0094,0.9728,1561.0000,1883.0000,1709.0000,,,,
3.4863,284,1,23.9908,56.8216,321.7124,-0.0613,0.2231,0.0094,0.9728,1595.0000,1883.0000,1632.0000,,,,
3.4988,284,1,23.9908,56.8216,321.7124,-0.0613,0.2231,0.0094,0.9728,1628.0000,1883.0000,1563.0000,,,,
3.5101,284,1,23.9908,56.8216,321.7124,-0.0613,0.2231,0.0094,0.9728,1652.0000,1883.0000,1512.0000,,,,
3.5226,284,1,14.8548,59.4188,317.5439,-0.0622,0.2170,0.0084,0.9742,1686.0000,1883.0000,1466.0000,,,,
3.5309,284,1,14.8548,59.4188,317.5439,-0.0622,0.2170,0.0084,0.9742,1725.0000,1883.0000,1440.0000,,,,
3.5423,284,1,14.8548,59.4188,317.5439,-0.0622,0.2170,0.0084,0.9742,1768.0000,1883.0000,1413.0000,,,,
3.5541,284,1,14.8548,59.4188,317.5439,-0.0622,0.2170,0.0084,0.9742,1807.0000,1883.0000,1385.0000,,,,
3.5668,284,1,4.8982,61.3203,311.7963,-0.0600,0.2048,0.0068,0.9769,1846.0000,1883.0000,1360.0000,,,,
3.5780,284,1,4.8982,61.3203,311.7963,-0.0600,0.2048,0.0068,0.9769,1855.0000,1883.0000,1338.0000,,,,
3.5910,284,1,4.8982,61.3203,311.7963,-0.0600,0.2048,0.0068,0.9769,1856.0000,1883.0000,1310.0000,,,,
3.5993,284,1,4.8982,61.3203,311.7963,-0.0600,0.2048,0.0068,0.9769,1856.0000,1883.0000,1296.0000,,,,
3.6105,284,1,4.8982,61.3203,311.7963,-0.0600,0.2048,0.0068,0.9769,1856.0000,1883.0000,1278.0000,,,,
3.6222,284,1,-4.1095,61.1981,308.3392,-0.0566,0.1973,0.0082,0.9787,1856.0000,1883.0000,1249.0000,,,,
3.6347,284,1,-4.1095,61.1981,308.3392,-0.0566,0.1973,0.0082,0.9787,1856.0000,1883.0000,1225.0000,,,,
3.6462,284,1,-4.1095,61.1981,308.3392,-0.0566,0.1973,0.0082,0.9787,1856.0000,1883.0000,1208.0000,,,,
3.6544,284,1,-4.1095,61.1981,308.3392,-0.0566,0.1973,0.0082,0.9787,1856.0000,1883.0000,1205.0000,,,,
3.6663,284,1,-12.1432,59.3503,303.4176,-0.0515,0.1900,0.0062,0.9804,1856.0000,1883.0000,1204.0000,,,,
3.6781,284,1,-12.1432,59.3503,303.4176,-0.0515,0.1900,0.0062,0.9804,1856.0000,1883.0000,1202.0000,,,,
3.6907,284,1,-12.1432,59.3503,303.4176,-0.0515,0.1900,0.0062,0.9804,1856.0000,1883.0000,1198.0000,,,,
3.7024,284,1,-12.1432,59.3503,303.4176,-0.0515,0.1900,0.0062,0.9804,1856.0000,1883.0000,1196.0000,,,,
3.7139,284,0,-20.5968,55.6409,281.0407,-0.1208,0.1385,0.0229,0.9827,1856.0000,1883.0000,1321.0000,,,,
3.7228,284,0,-20.5968,55.6409,281.0407,-0.1208,0.1385,0.0229,0.9827,1856.0000,1883.0000,1345.0000,,,,
3.7349,284,0,-20.5968,55.6409,281.0407,-0.1208,0.1385,0.0229,0.9827,1856.0000,1883.0000,1368.0000,,,,
3.7462,284,0,-20.5968,55.6409,281.0407,-0.1208,0.1385,0.0229,0.9827,1856.0000,1878.0000,1384.0000,,,,
3.7587,284,0,-18.2241,61.1221,296.7481,-0.0474,0.1849,0.0131,0.9815,1856.0000,1860.0000,1398.0000,,,,
3.7704,284,0,-18.2241,61.1221,296.7481,-0.0474,0.1849,0.0131,0.9815,1856.0000,1838.0000,1408.0000,,,,
3.7792,284,0,-18.2241,61.1221,296.7481,-0.0474,0.1849,0.0131,0.9815,1856.0000,1825.0000,1414.0000,,,,
3.7908,284,0,-18.2241,61.1221,296.7481,-0.0474,0.1849,0.0131,0.9815,1856.0000,1811.0000,1420.0000,,,,
3.8019,284,1,-20.8715,60.0021,292.8856,-0.0422,0.1816,0.0137,0.9824,1856.0000,1791.0000,1393.0000,,,,
3.8141,284,1,-20.8715,60.0021,292.8856,-0.0422,0.1816,0.0137,0.9824,1856.0000,1769.0000,1349.0000,,,,
3.8259,284,1,-20.8715,60.0021,292.8856,-0.0422,0.1816,0.0137,0.9824,1856.0000,1751.0000,1314.0000,,,,
3.8380,284,1,-20.8715,60.0021,292.8856,-0.0422,0.1816,0.0137,0.9824,1856.0000,1738.0000,1286.0000,,,,
3.8467,284,1,-23.1447,58.6453,278.6356,0.0155,0.1297,0.0026,0.9914,1856.0000,1729.0000,1281.0000,,,,
3.8587,284,1,-23.1447,58.6453,278.6356,0.0155,0.1297,0.0026,0.9914,1856.0000,1720.0000,1275.0000,,,,
3.8711,284,1,-23.1447,58.6453,278.6356,0.0155,0.1297,0.0026,0.9914,1856.0000,1713.0000,1270.0000,,,,
3.8820,284,1,-23.1447,58.6453,278.6356,0.0155,0.1297,0.0026,0.9914,1856.0000,1707.0000,1266.0000,,,,
3.8945,284,1,-23.7529,47.8332,286.8736,-0.0249,0.1849,0.0121,0.9824,1856.0000,1666.0000,1296.0000,,,,
3.9070,284,1,-23.7529,47.8332,286.8736,-0.0249,0.1849,0.0121,0.9824,1856.0000,1632.0000,1320.0000,,,,
3.9155,284,1,-23.7529,47.8332,286.8736,-0.0249,0.1849,0.0121,0.9824,1856.0000,1613.0000,1333.0000,,,,
3.9263,284,1,-23.7529,47.8332,286.8736,-0.0249,0.1849,0.0121,0.9824,1856.0000,1596.0000,1345.0000,,,,
3.9385,284,1,-25.2193,38.6875,279.3871,-0.0140,0.1750,0.0114,0.9844,1857.0000,1568.0000,1394.0000,,,,
3.9499,284,1,-25.2193,38.6875,279.3871,-0.0140,0.1750,0.0114,0.9844,1857.0000,1536.0000,1448.0000,,,,
3.9626,284,1,-25.2193,38.6875,279.3871,-0.0140,0.1750,0.0114,0.9844,1857.0000,1509.0000,1494.0000,,,,
3.9714,284,1,-25.2193,38.6875,279.3871,-0.0140,0.1750,0.0114,0.9844,1857.0000,1492.0000,1520.0000,,,,
3.9826,284,1,-27.0617,26.5901,275.2344,-0.0014,0.1743,0.0159,0.9846,1857.0000,1449.0000,1601.0000,,,,
3.9943,284,1,-27.0617,26.5901,275.2344,-0.0014,0.1743,0.0159,0.9846,1857.0000,1412.0000,1668.0000,,,,
4.0060,284,1,-27.0617,26.5901,275.2344,-0.0014,0.1743,0.0159,0.9846,1857.0000,1383.0000,1720.0000,,,,
4.0194,284,1,-26.0816,16.3539,270.8404,0.0047,0.1766,0.0189,0.9841,1857.0000,1357.0000,1776.0000,,,,
4.0308,284,1,-26.0816,16.3539,270.8404,0.0047,0.1766,0.0189,0.9841,1857.0000,1328.0000,1842.0000,,,,
4.0391,284,1,-26.0816,16.3539,270.8404,0.0047,0.1766,0.0189,0.9841,1857.0000,1309.0000,1859.0000,,,,
4.0507,284,1,-26.0816,16.3539,270.8404,0.0047,0.1766,0.0189,0.9841,1857.0000,1289.0000,1860.0000,,,,
4.0623,284,0,-24.9249,9.2195,268.3549,0.0104,0.1792,0.0209,0.9835,1857.0000,1309.0000,1860.0000,,,,
4.0740,284,0,-24.9249,9.2195,268.3549,0.0104,0.1792,0.0209,0.9835,1857.0000,1303.0000,1860.0000,,,,
4.0864,284,0,-24.9249,9.2195,268.3549,0.0104,0.1792,0.0209,0.9835,1857.0000,1294.0000,1860.0000,,,,
4.0983,284,0,-24.9249,9.2195,268.3549,0.0104,0.1792,0.0209,0.9835,1857.0000,1283.0000,1860.0000,,,,
4.1069,284,0,-21.4116,4.7746,265.7794,0.0143,0.1855,0.0183,0.9824,1857.0000,1276.0000,1860.0000,,,,
4.1183,284,0,-21.4116,4.7746,265.7794,0.0143,0.1855,0.0183,0.9824,1857.0000,1270.0000,1860.0000,,,,
4.1305,284,0,-21.4116,4.7746,265.7794,0.0143,0.1855,0.0183,0.9824,1857.0000,1259.0000,1860.0000,,,,
4.1423,284,0,-14.1162,3.1145,262.8212,0.0093,0.1933,0.0184,0.9809,1857.0000,1253.0000,1860.0000,,,,
4.1541,284,0,-14.1162,3.1145,262.8212,0.0093,0.1933,0.0184,0.9809,1857.0000,1266.0000,1860.0000,,,,
4.1632,284,0,-14.1162,3.1145,262.8212,0.0093,0.1933,0.0184,0.9809,1857.0000,1276.0000,1860.0000,,,,
4.1742,284,0,-14.1162,3.1145,262.8212,0.0093,0.1933,0.0184,0.9809,1857.0000,1284.0000,1860.0000,,,,
4.1863,284,0,-11.8699,-1.7739,260.7265,0.0119,0.1968,0.0185,0.9802,1857.0000,1289.0000,1860.0000,,,,
4.1983,284,0,-11.8699,-1.7739,260.7265,0.0119,0.1968,0.0185,0.9802,1857.0000,1291.0000,1860.0000,,,,
4.2109,284,0,-11.8699,-1.7739,260.7265,0.0119,0.1968,0.0185,0.9802,1831.0000,1292.0000,1860.0000,,,,
4.2230,284,0,-11.8699,-1.7739,260.7265,0.0119,0.1968,0.0185,0.9802,1803.0000,1293.0000,1860.0000,,,,
4.2315,284,1,-6.5653,5.9420,215.0355,0.0806,0.0037,-0.0243,0.9964,1765.0000,1290.0000,1860.0000,,,,
4.2432,284,1,-6.5653,5.9420,215.0355,0.0806,0.0037,-0.0243,0.9964,1723.0000,1286.0000,1860.0000,,,,
4.2563,284,1,-6.5653,5.9420,215.0355,0.0806,0.0037,-0.0243,0.9964,1686.0000,1284.0000,1860.0000,,,,
4.2662,284,1,-2.7323,-12.4087,255.3096,0.0170,0.2033,0.0193,0.9788,1647.0000,1277.0000,1860.0000,,,,
4.2791,284,1,-2.7323,-12.4087,255.3096,0.0170,0.2033,0.0193,0.9788,1603.0000,1270.0000,1860.0000,,,,
4.2909,284,1,-2.7323,-12.4087,255.3096,0.0170,0.2033,0.0193,0.9788,1574.0000,1263.0000,1861.0000,,,,
4.2990,284,1,-2.7323,-12.4087,255.3096,0.0170,0.2033,0.0193,0.9788,1561.0000,1257.0000,1861.0000,,,,
4.3108,284,1,2.0293,-15.8217,253.8239,0.0180,0.2087,0.0236,0.9775,1502.0000,1264.0000,1861.0000,,,,
4.3223,284,1,2.0293,-15.8217,253.8239,0.0180,0.2087,0.0236,0.9775,1463.0000,1269.0000,1861.0000,,,,
4.3339,284,1,2.0293,-15.8217,253.8239,0.0180,0.2087,0.0236,0.9775,1424.0000,1272.0000,1861.0000,,,,
4.3466,284,1,9.1418,-18.6994,251.4048,0.0180,0.2150,0.0262,0.9761,1373.0000,1282.0000,1861.0000,,,,
4.3553,284,1,9.1418,-18.6994,251.4048,0.0180,0.2150,0.0262,0.9761,1330.0000,1295.0000,1861.0000,,,,
4.3660,284,1,9.1418,-18.6994,251.4048,0.0180,0.2150,0.0262,0.9761,1282.0000,1309.0000,1861.0000,,,,
4.3797,284,1,9.1418,-18.6994,251.4048,0.0180,0.2150,0.0262,0.9761,1239.0000,1321.0000,1861.0000,,,,
4.3914,284,1,6.1753,-18.5988,201.7057,-0.0673,0.0417,0.0225,0.9966,1197.0000,1347.0000,1861.0000,,,,
4.4029,284,1,6.1753,-18.5988,201.7057,-0.0673,0.0417,0.0225,0.9966,1169.0000,1367.0000,1861.0000,,,,
4.4158,284,1,6.1753,-18.5988,201.7057,-0.0673,0.0417,0.0225,0.9966,1144.0000,1385.0000,1861.0000,,,,
4.4237,284,1,18.7977,-20.4053,247.6459,0.0141,0.2199,0.0299,0.9750,1110.0000,1414.0000,1861.0000,,,,
4.4342,284,1,18.7977,-20.4053,247.6459,0.0141,0.2199,0.0299,0.9750,1073.0000,1447.0000,1862.0000,,,,
4.4468,284,1,18.7977,-20.4053,247.6459,0.0141,0.2199,0.0299,0.9750,1034.0000,1479.0000,1862.0000,,,,
4.4581,284,1,21.6769,-20.1488,246.6496,0.0123,0.2214,0.0321,0.9746,1001.0000,1505.0000,1862.0000,,,,
4.4708,284,1,21.6769,-20.1488,246.6496,0.0123,0.2214,0.0321,0.9746,969.0000,1532.0000,1862.0000,,,,
4.4821,284,1,21.6769,-20.1488,246.6496,0.0123,0.2214,0.0321,0.9746,946.0000,1551.0000,1862.0000,,,,
4.4927,284,1,21.6769,-20.1488,246.6496,0.0123,0.2214,0.0321,0.9746,930.0000,1563.0000,1862.0000,,,,
4.5022,284,1,23.6246,-16.0650,245.9772,0.0041,0.2206,0.0331,0.9748,920.0000,1593.0000,1862.0000,,,,
4.5145,284,1,23.6246,-16.0650,245.9772,0.0041,0.2206,0.0331,0.9748,913.0000,1624.0000,1862.0000,,,,
4.5322,284,1,25.3853,-11.9851,245.4278,0.0009,0.2208,0.0346,0.9747,905.0000,1657.0000,1862.0000,,,,
4.5416,284,1,25.3853,-11.9851,245.4278,0.0009,0.2208,0.0346,0.9747,910.0000,1683.0000,1863.0000,,,,
4.5511,284,1,25.3853,-11.9851,245.4278,0.0009,0.2208,0.0346,0.9747,911.0000,1706.0000,1863.0000,,,,
4.5591,284,1,25.3853,-11.9851,245.4278,0.0009,0.2208,0.0346,0.9747,913.0000,1718.0000,1863.0000,,,,
4.5703,284,1,25.3853,-11.9851,245.4278,0.0009,0.2208,0.0346,0.9747,912.0000,1733.0000,1863.0000,,,,
4.5829,284,1,21.8613,0.9503,189.5957,0.0207,-0.0413,-0.0042,0.9989,907.0000,1758.0000,1863.0000,,,,
4.5949,284,1,21.8613,0.9503,189.5957,0.0207,-0.0413,-0.0042,0.9989,902.0000,1776.0000,1863.0000,,,,
4.6061,284,1,21.8613,0.9503,189.5957,0.0207,-0.0413,-0.0042,0.9989,899.0000,1791.0000,1863.0000,,,,
4.6149,284,1,19.8558,0.2423,242.5045,-0.0180,0.2105,0.0293,0.9770,933.0000,1801.0000,1863.0000,,,,
4.6270,284,1,19.8558,0.2423,242.5045,-0.0180,0.2105,0.0293,0.9770,974.0000,1812.0000,1863.0000,,,,
4.6390,284,1,19.8558,0.2423,242.5045,-0.0180,0.2105,0.0293,0.9770,1008.0000,1820.0000,1863.0000,,,,
4.6499,284,0,8.1985,1.7863,197.7443,-0.0801,0.0497,0.0262,0.9952,1078.0000,1826.0000,1863.0000,,,,
4.6627,284,0,8.1985,1.7863,197.7443,-0.0801,0.0497,0.0262,0.9952,1116.0000,1816.0000,1863.0000,,,,
4.6719,284,0,8.1985,1.7863,197.7443,-0.0801,0.0497,0.0262,0.9952,1136.0000,1811.0000,1863.0000,,,,
4.6829,284,0,8.1985,1.7863,197.7443,-0.0801,0.0497,0.0262,0.9952,1156.0000,1802.0000,1863.0000,,,,
4.6947,284,0,11.7678,8.3701,240.0277,-0.0219,0.2031,0.0260,0.9786,1175.0000,1798.0000,1863.0000,,,,
4.7069,284,0,11.7678,8.3701,240.0277,-0.0219,0.2031,0.0260,0.9786,1211.0000,1791.0000,1863.0000,,,,
4.7179,284,0,11.7678,8.3701,240.0277,-0.0219,0.2031,0.0260,0.9786,1236.0000,1786.0000,1863.0000,,,,
4.7317,284,1,3.8191,18.3105,236.1631,-0.0355,0.1873,0.0223,0.9814,1331.0000,1775.0000,1863.0000,,,,
4.7398,284,1,3.8191,18.3105,236.1631,-0.0355,0.1873,0.0223,0.9814,1377.0000,1770.0000,1863.0000,,,,
4.7517,284,1,3.8191,18.3105,236.1631,-0.0355,0.1873,0.0223,0.9814,1433.0000,1763.0000,1863.0000,,,,
4.7622,284,1,-2.0439,24.6175,235.6451,-0.0352,0.1852,0.0198,0.9819,1488.0000,1751.0000,1863.0000,,,,
4.7750,284,1,-2.0439,24.6175,235.6451,-0.0352,0.1852,0.0198,0.9819,1582.0000,1722.0000,1863.0000,,,,
4.7863,284,1,-2.0439,24.6175,235.6451,-0.0352,0.1852,0.0198,0.9819,1654.0000,1699.0000,1863.0000,,,,
4.7988,284,0,-7.7418,31.0667,233.1292,-0.0442,0.1796,0.0192,0.9826,1715.0000,1696.0000,1863.0000,,,,
4.8072,284,0,-7.7418,31.0667,233.1292,-0.0442,0.1796,0.0192,0.9826,1743.0000,1693.0000,1863.0000,,,,
4.8189,284,0,-7.7418,31.0667,233.1292,-0.0442,0.1796,0.0192,0.9826,1789.0000,1685.0000,1863.0000,,,,
4.8303,284,0,-7.7418,31.0667,233.1292,-0.0442,0.1796,0.0192,0.9826,1818.0000,1681.0000,1863.0000,,,,
4.8429,284,1,-13.6384,37.5005,230.0816,-0.0493,0.1707,0.0179,0.9839,1850.0000,1672.0000,1863.0000,,,,
4.8541,284,1,-13.6384,37.5005,230.0816,-0.0493,0.1707,0.0179,0.9839,1851.0000,1660.0000,1863.0000,,,,
4.8635,284,1,-13.6384,37.5005,230.0816,-0.0493,0.1707,0.0179,0.9839,1851.0000,1645.0000,1863.0000,,,,
4.8743,284,1,-13.6384,37.5005,230.0816,-0.0493,0.1707,0.0179,0.9839,1851.0000,1627.0000,1863.0000,,,,
4.8865,284,1,-20.0117,44.6691,227.5549,-0.0517,0.1692,0.0141,0.9841,1851.0000,1591.0000,1803.0000,,,,
4.8988,284,1,-20.0117,44.6691,227.5549,-0.0517,0.1692,0.0141,0.9841,1852.0000,1562.0000,1731.0000,,,,
4.9109,284,1,-20.0117,44.6691,227.5549,-0.0517,0.1692,0.0141,0.9841,1852.0000,1538.0000,1673.0000,,,,
4.9219,284,1,-25.9130,49.1802,223.5247,-0.0510,0.1641,0.0076,0.9851,1852.0000,1508.0000,1603.0000,,,,
4.9315,284,1,-25.9130,49.1802,223.5247,-0.0510,0.1641,0.0076,0.9851,1852.0000,1488.0000,1554.0000,,,,
4.9429,284,1,-25.9130,49.1802,223.5247,-0.0510,0.1641,0.0076,0.9851,1852.0000,1467.0000,1506.0000,,,,
4.9546,284,1,-30.2116,52.1931,220.4317,-0.0518,0.1599,0.0053,0.9858,1852.0000,1449.0000,1466.0000,,,,
4.9672,284,1,-30.2116,52.1931,220.4317,-0.0518,0.1599,0.0053,0.9858,1852.0000,1416.0000,1433.0000,,,,
4.9785,284,1,-30.2116,52.1931,220.4317,-0.0518,0.1599,0.0053,0.9858,1852.0000,1393.0000,1415.0000,,,,
4.9899,284,1,-30.2116,52.1931,220.4317,-0.0518,0.1599,0.0053,0.9858,1852.0000,1374.0000,1397.0000,,,,
5.0004,284,1,-34.1093,54.4394,217.5281,-0.0533,0.1557,0.0064,0.9863,1852.0000,1350.0000,1358.0000,,,,
5.0107,284,1,-34.1093,54.4394,217.5281,-0.0533,0.1557,0.0064,0.9863,1852.0000,1333.0000,1327.0000,,,,
5.0227,284,1,-34.1093,54.4394,217.5281,-0.0533,0.1557,0.0064,0.9863,1852.0000,1318.0000,1297.0000,,,,
5.0351,284,1,-36.6362,55.0406,214.8678,-0.0514,0.1547,0.0093,0.9866,1852.0000,1304.0000,1277.0000,,,,
5.0470,284,1,-36.6362,55.0406,214.8678,-0.0514,0.1547,0.0093,0.9866,1853.0000,1291.0000,1264.0000,,,,
5.0556,284,1,-36.6362,55.0406,214.8678,-0.0514,0.1547,0.0093,0.9866,1853.0000,1284.0000,1255.0000,,,,
5.0666,284,1,-36.6362,55.0406,214.8678,-0.0514,0.1547,0.0093,0.9866,1853.0000,1277.0000,1244.0000,,,,
5.0782,284,1,-36.9532,53.1576,213.5643,-0.0444,0.1557,0.0090,0.9868,1853.0000,1262.0000,1239.0000,,,,
5.0914,284,1,-36.9532,53.1576,213.5643,-0.0444,0.1557,0.0090,0.9868,1853.0000,1241.0000,1236.0000,,,,
5.1025,284,1,-36.9532,53.1576,213.5643,-0.0444,0.1557,0.0090,0.9868,1853.0000,1226.0000,1234.0000,,,,
5.1149,284,1,-34.7819,50.1467,211.3427,-0.0392,0.1582,0.0089,0.9866,1853.0000,1216.0000,1239.0000,,,,
5.1230,284,1,-34.7819,50.1467,211.3427,-0.0392,0.1582,0.0089,0.9866,1853.0000,1217.0000,1253.0000,,,,
5.1349,284,1,-34.7819,50.1467,211.3427,-0.0392,0.1582,0.0089,0.9866,1853.0000,1217.0000,1270.0000,,,,
5.1462,284,1,-34.7819,50.1467,211.3427,-0.0392,0.1582,0.0089,0.9866,1853.0000,1215.0000,1284.0000,,,,
5.1589,284,1,-31.8550,48.0539,210.6146,-0.0355,0.1644,0.0106,0.9857,1853.0000,1216.0000,1304.0000,,,,
5.1713,284,1,-31.8550,48.0539,210.6146,-0.0355,0.1644,0.0106,0.9857,1853.0000,1217.0000,1320.0000,,,,
5.1825,284,1,-31.8550,48.0539,210.6146,-0.0355,0.1644,0.0106,0.9857,1853.0000,1217.0000,1331.0000,,,,
5.1911,284,1,-27.3499,46.2184,209.3414,-0.0276,0.1672,0.0119,0.9855,1853.0000,1226.0000,1341.0000,,,,
5.2028,284,1,-27.3499,46.2184,209.3414,-0.0276,0.1672,0.0119,0.9855,1853.0000,1249.0000,1358.0000,,,,
5.2151,284,1,-27.3499,46.2184,209.3414,-0.0276,0.1672,0.0119,0.9855,1853.0000,1268.0000,1371.0000,,,,
5.2264,284,1,-26.6517,37.3885,175.4761,-0.0905,0.0475,0.0271,0.9944,1853.0000,1282.0000,1383.0000,,,,
5.2388,284,1,-26.6517,37.3885,175.4761,-0.0905,0.0475,0.0271,0.9944,1853.0000,1296.0000,1407.0000,,,,
5.2480,284,1,-26.6517,37.3885,175.4761,-0.0905,0.0475,0.0271,0.9944,1853.0000,1304.0000,1422.0000,,,,
5.2590,284,1,-26.6517,37.3885,175.4761,-0.0905,0.0475,0.0271,0.9944,1853.0000,1313.0000,1437.0000,,,,
5.2713,284,1,-23.6522,34.6799,174.0254,-0.0871,0.0509,0.0264,0.9946,1853.0000,1326.0000,1470.0000,,,,
5.2830,284,1,-23.6522,34.6799,174.0254,-0.0871,0.0509,0.0264,0.9946,1853.0000,1336.0000,1494.0000,,,,
5.2947,284,1,-23.6522,34.6799,174.0254,-0.0871,0.0509,0.0264,0.9946,1853.0000,1344.0000,1514.0000,,,,
5.3066,284,1,-17.0085,34.1084,203.5632,-0.0177,0.1706,0.0174,0.9850,1853.0000,1366.0000,1562.0000,,,,
5.3158,284,1,-17.0085,34.1084,203.5632,-0.0177,0.1706,0.0174,0.9850,1853.0000,1380.0000,1593.0000,,,,
5.3264,284,1,-17.0085,34.1084,203.5632,-0.0177,0.1706,0.0174,0.9850,1853.0000,1393.0000,1622.0000,,,,
5.3396,284,1,-12.4294,30.9348,153.4406,0.0024,-0.0600,0.0111,0.9981,1853.0000,1403.0000,1660.0000,,,,
5.3513,284,1,-12.4294,30.9348,153.4406,0.0024,-0.0600,0.0111,0.9981,1853.0000,1402.0000,1709.0000,,,,
5.3629,284,1,-12.4294,30.9348,153.4406,0.0024,-0.0600,0.0111,0.9981,1853.0000,1402.0000,1748.0000,,,,
5.3719,284,1,-12.4294,30.9348,153.4406,0.0024,-0.0600,0.0111,0.9981,1853.0000,1402.0000,1774.0000,,,,
5.3820,284,1,-12.8475,21.2410,199.6835,-0.0082,0.1766,0.0242,0.9839,1853.0000,1392.0000,1828.0000,,,,
5.3951,284,1,-12.8475,21.2410,199.6835,-0.0082,0.1766,0.0242,0.9839,1853.0000,1382.0000,1861.0000,,,,
5.4061,284,1,-12.8475,21.2410,199.6835,-0.0082,0.1766,0.0242,0.9839,1853.0000,1376.0000,1861.0000,,,,
5.4189,284,1,-11.3806,13.6034,195.8362,-0.0058,0.1747,0.0259,0.9843,1853.0000,1365.0000,1862.0000,,,,
5.4301,284,1,-11.3806,13.6034,195.8362,-0.0058,0.1747,0.0259,0.9843,1853.0000,1358.0000,1862.0000,,,,
5.4390,284,1,-11.3806,13.6034,195.8362,-0.0058,0.1747,0.0259,0.9843,1853.0000,1353.0000,1862.0000,,,,
5.4504,284,1,20.2710,10.5228,241.6938,-0.1054,0.5019,0.0495,0.8570,1853.0000,1348.0000,1862.0000,,,,
5.4627,284,1,20.2710,10.5228,241.6938,-0.1054,0.5019,0.0495,0.8570,1853.0000,1338.0000,1862.0000,,,,
5.4743,284,1,20.2710,10.5228,241.6938,-0.1054,0.5019,0.0495,0.8570,1853.0000,1328.0000,1862.0000,,,,
5.4863,284,1,-8.1250,5.8225,192.0967,0.0012,0.1778,0.0230,0.9838,1853.0000,1316.0000,1862.0000,,,,
5.4989,284,1,-8.1250,5.8225,192.0967,0.0012,0.1778,0.0230,0.9838,1853.0000,1305.0000,1862.0000,,,,
5.5081,284,1,-8.1250,5.8225,192.0967,0.0012,0.1778,0.0230,0.9838,1853.0000,1299.0000,1862.0000,,,,
5.5190,284,1,-7.0753,1.9425,189.9565,0.0016,0.1778,0.0229,0.9838,1853.0000,1294.0000,1862.0000,,,,
5.5308,284,1,-7.0753,1.9425,189.9565,0.0016,0.1778,0.0229,0.9838,1851.0000,1290.0000,1862.0000,,,,
5.5442,284,1,-7.0753,1.9425,189.9565,0.0016,0.1778,0.0229,0.9838,1810.0000,1287.0000,1862.0000,,,,
5.5548,284,1,-5.6508,-1.5160,188.6743,0.0049,0.1811,0.0242,0.9831,1786.0000,1276.0000,1862.0000,,,,
5.5640,284,1,-5.6508,-1.5160,188.6743,0.0049,0.1811,0.0242,0.9831,1770.0000,1262.0000,1862.0000,,,,
5.5750,284,1,-5.6508,-1.5160,188.6743,0.0049,0.1811,0.0242,0.9831,1755.0000,1250.0000,1862.0000,,,,
5.5869,284,1,-4.3236,-3.9276,186.4791,0.0029,0.1795,0.0255,0.9834,1731.0000,1240.0000,1862.0000,,,,
5.5984,284,1,-4.3236,-3.9276,186.4791,0.0029,0.1795,0.0255,0.9834,1694.0000,1238.0000,1862.0000,,,,
5.6107,284,1,-4.3236,-3.9276,186.4791,0.0029,0.1795,0.0255,0.9834,1660.0000,1239.0000,1862.0000,,,,
5.6223,284,1,-4.6512,-4.9775,178.7235,-0.0180,0.1464,0.0265,0.9887,1636.0000,1237.0000,1862.0000,,,,
5.6313,284,1,-4.6512,-4.9775,178.7235,-0.0180,0.1464,0.0265,0.9887,1614.0000,1239.0000,1862.0000,,,,
5.6422,284,1,-4.6512,-4.9775,178.7235,-0.0180,0.1464,0.0265,0.9887,1591.0000,1240.0000,1862.0000,,,,
5.6545,284,1,-4.6512,-4.9775,178.7235,-0.0180,0.1464,0.0265,0.9887,1571.0000,1241.0000,1862.0000,,,,
5.6665,284,1,-2.3174,-4.7801,183.9271,0.0023,0.1817,0.0251,0.9830,1550.0000,1246.0000,1862.0000,,,,
5.6796,284,1,-2.3174,-4.7801,183.9271,0.0023,0.1817,0.0251,0.9830,1541.0000,1247.0000,1862.0000,,,,
5.6908,284,1,-2.3174,-4.7801,183.9271,0.0023,0.1817,0.0251,0.9830,1529.0000,1249.0000,1862.0000,,,,
5.7004,284,1,-0.7724,-4.6540,182.3388,0.0064,0.1821,0.0267,0.9829,1513.0000,1259.0000,1862.0000,,,,
5.7102,284,1,-0.7724,-4.6540,182.3388,0.0064,0.1821,0.0267,0.9829,1493.0000,1270.0000,1862.0000,,,,
5.7222,284,1,-0.7724,-4.6540,182.3388,0.0064,0.1821,0.0267,0.9829,1471.0000,1282.0000,1862.0000,,,,
5.7343,284,1,-0.7169,-4.7022,180.9666,0.0064,0.1820,0.0281,0.9829,1456.0000,1290.0000,1862.0000,,,,
5.7465,284,1,-0.7169,-4.7022,180.9666,0.0064,0.1820,0.0281,0.9829,1449.0000,1293.0000,1862.0000,,,,
5.7558,284,1,-0.7169,-4.7022,180.9666,0.0064,0.1820,0.0281,0.9829,1445.0000,1295.0000,1862.0000,,,,
5.7672,284,1,-0.7169,-4.7022,180.9666,0.0064,0.1820,0.0281,0.9829,1441.0000,1296.0000,1862.0000,,,,
5.7781,284,1,-1.2210,-4.1655,179.6743,0.0036,0.1795,0.0309,0.9833,1444.0000,1296.0000,1862.0000,,,,
5.7914,284,1,-1.2210,-4.1655,179.6743,0.0036,0.1795,0.0309,0.9833,1442.0000,1299.0000,1862.0000,,,,
5.8026,284,1,-1.2210,-4.1655,179.6743,0.0036,0.1795,0.0309,0.9833,1438.0000,1302.0000,1862.0000,,,,
5.8147,284,1,-0.3747,-4.7590,177.9626,0.0041,0.1819,0.0331,0.9828,1432.0000,1303.0000,1862.0000,,,,
5.8242,284,1,-0.3747,-4.7590,177.9626,0.0041,0.1819,0.0331,0.9828,1429.0000,1304.0000,1862.0000,,,,
5.8347,284,1,-0.3747,-4.7590,177.9626,0.0041,0.1819,0.0331,0.9828,1425.0000,1304.0000,1862.0000,,,,
5.8466,284,1,-0.3560,-4.8072,176.7299,0.0034,0.1814,0.0344,0.9828,1425.0000,1303.0000,1862.0000,,,,
5.8589,284,1,-0.3560,-4.8072,176.7299,0.0034,0.1814,0.0344,0.9828,1438.0000,1296.0000,1862.0000,,,,
5.8711,284,1,-0.3560,-4.8072,176.7299,0.0034,0.1814,0.0344,0.9828,1440.0000,1294.0000,1862.0000,,,,
5.8819,284,1,0.0986,-4.8361,174.5818,-0.0012,0.1783,0.0350,0.9834,1441.0000,1297.0000,1862.0000,,,,
5.8926,284,1,0.0986,-4.8361,174.5818,-0.0012,0.1783,0.0350,0.9834,1434.0000,1302.0000,1863.0000,,,,
5.9024,284,1,0.0986,-4.8361,174.5818,-0.0012,0.1783,0.0350,0.9834,1429.0000,1306.0000,1863.0000,,,,
5.9142,284,1,0.0986,-4.8361,174.5818,-0.0012,0.1783,0.0350,0.9834,1422.0000,1309.0000,1863.0000,,,,
5.9267,284,1,48.7730,-11.8325,228.5260,0.1551,0.5692,0.0095,0.8074,1422.0000,1310.0000,1863.0000,,,,
5.9397,284,1,48.7730,-11.8325,228.5260,0.1551,0.5692,0.0095,0.8074,1422.0000,1311.0000,1863.0000,,,,
5.9474,284,1,48.7730,-11.8325,228.5260,0.1551,0.5692,0.0095,0.8074,1424.0000,1311.0000,1863.0000,,,,
5.9594,284,1,1.7375,-1.6475,171.7221,-0.0095,0.1794,0.0325,0.9832,1426.0000,1318.0000,1863.0000,,,,
5.9714,284,1,1.7375,-1.6475,171.7221,-0.0095,0.1794,0.0325,0.9832,1432.0000,1328.0000,1863.0000,,,,
5.9823,284,1,1.7375,-1.6475,171.7221,-0.0095,0.1794,0.0325,0.9832,1431.0000,1338.0000,1863.0000,,,,
5.9943,284,1,2.9621,-1.1079,170.5453,-0.0088,0.1805,0.0319,0.9830,1427.0000,1352.0000,1863.0000,,,,
6.0064,284,1,2.9621,-1.1079,170.5453,-0.0088,0.1805,0.0319,0.9830,1422.0000,1365.0000,1863.0000,,,,
6.0150,284,1,2.9621,-1.1079,170.5453,-0.0088,0.1805,0.0319,0.9830,1419.0000,1372.0000,1863.0000,,,,
6.0264,284,1,4.3078,0.0496,169.6099,-0.0061,0.1789,0.0324,0.9833,1413.0000,1386.0000,1863.0000,,,,
6.0395,284,1,4.3078,0.0496,169.6099,-0.0061,0.1789,0.0324,0.9833,1404.0000,1403.0000,1863.0000,,,,
6.0506,284,1,4.3078,0.0496,169.6099,-0.0061,0.1789,0.0324,0.9833,1398.0000,1415.0000,1863.0000,,,,
6.0626,284,1,51.5747,-3.0415,222.2938,0.1300,0.5672,0.0136,0.8131,1395.0000,1432.0000,1863.0000,,,,
6.0754,284,1,51.5747,-3.0415,222.2938,0.1300,0.5672,0.0136,0.8131,1390.0000,1449.0000,1863.0000,,,,
6.0846,284,1,51.5747,-3.0415,222.2938,0.1300,0.5672,0.0136,0.8131,1393.0000,1457.0000,1863.0000,,,,
6.0947,284,1,7.4975,2.9003,167.5820,-0.0106,0.1836,0.0368,0.9822,1391.0000,1473.0000,1863.0000,,,,
6.1068,284,1,7.4975,2.9003,167.5820,-0.0106,0.1836,0.0368,0.9822,1384.0000,1495.0000,1863.0000,,,,
6.1187,284,1,7.4975,2.9003,167.5820,-0.0106,0.1836,0.0368,0.9822,1378.0000,1513.0000,1863.0000,,,,
6.1309,284,1,8.4186,5.6983,166.3560,-0.0152,0.1846,0.0389,0.9819,1385.0000,1536.0000,1863.0000,,,,
6.1398,284,1,8.4186,5.6983,166.3560,-0.0152,0.1846,0.0389,0.9819,1389.0000,1549.0000,1863.0000,,,,
6.1515,284,1,8.4186,5.6983,166.3560,-0.0152,0.1846,0.0389,0.9819,1394.0000,1563.0000,1863.0000,,,,
6.1628,284,1,8.1091,9.8879,165.1187,-0.0210,0.1837,0.0389,0.9820,1402.0000,1581.0000,1863.0000,,,,
6.1743,284,1,8.1091,9.8879,165.1187,-0.0210,0.1837,0.0389,0.9820,1414.0000,1603.0000,1863.0000,,,,
6.1867,284,1,8.1091,9.8879,165.1187,-0.0210,0.1837,0.0389,0.9820,1424.0000,1620.0000,1863.0000,,,,
6.1987,284,1,7.5925,12.7383,163.4496,-0.0243,0.1838,0.0395,0.9819,1441.0000,1634.0000,1863.0000,,,,
6.2077,284,1,7.5925,12.7383,163.4496,-0.0243,0.1838,0.0395,0.9819,1458.0000,1643.0000,1863.0000,,,,
6.2190,284,1,7.5925,12.7383,163.4496,-0.0243,0.1838,0.0395,0.9819,1477.0000,1653.0000,1863.0000,,,,
6.2299,284,1,5.9452,15.7877,161.8587,-0.0258,0.1832,0.0390,0.9820,1493.0000,1661.0000,1863.0000,,,,
6.2421,284,1,5.9452,15.7877,161.8587,-0.0258,0.1832,0.0390,0.9820,1520.0000,1667.0000,1864.0000,,,,
6.2545,284,1,5.9452,15.7877,161.8587,-0.0258,0.1832,0.0390,0.9820,1540.0000,1671.0000,1864.0000,,,,
6.2644,284,1,3.7292,19.1495,159.7683,-0.0303,0.1793,0.0392,0.9825,1555.0000,1674.0000,1864.0000,,,,
6.2747,284,1,3.7292,19.1495,159.7683,-0.0303,0.1793,0.0392,0.9825,1578.0000,1681.0000,1864.0000,,,,
6.2867,284,1,3.7292,19.1495,159.7683,-0.0303,0.1793,0.0392,0.9825,1600.0000,1688.0000,1864.0000,,,,
6.2983,284,1,1.5598,23.3805,157.7215,-0.0372,0.1766,0.0370,0.9829,1628.0000,1689.0000,1864.0000,,,,
6.3107,284,1,1.5598,23.3805,157.7215,-0.0372,0.1766,0.0370,0.9829,1684.0000,1688.0000,1864.0000,,,,
6.3225,284,1,1.5598,23.3805,157.7215,-0.0372,0.1766,0.0370,0.9829,1727.0000,1687.0000,1864.0000,,,,
6.3310,284,1,-0.6575,26.2673,155.8520,-0.0398,0.1728,0.0365,0.9835,1753.0000,1687.0000,1864.0000,,,,
6.3425,284,1,-0.6575,26.2673,155.8520,-0.0398,0.1728,0.0365,0.9835,1794.0000,1686.0000,1864.0000,,,,
6.3547,284,1,-0.6575,26.2673,155.8520,-0.0398,0.1728,0.0365,0.9835,1829.0000,1686.0000,1864.0000,,,,
6.3669,284,1,-2.8018,28.7528,154.2298,-0.0434,0.1700,0.0398,0.9837,1850.0000,1685.0000,1864.0000,,,,
6.3788,284,1,-2.8018,28.7528,154.2298,-0.0434,0.1700,0.0398,0.9837,1851.0000,1684.0000,1864.0000,,,,
6.3915,284,1,-2.8018,28.7528,154.2298,-0.0434,0.1700,0.0398,0.9837,1851.0000,1684.0000,1864.0000,,,,
6.3990,284,1,-2.8018,28.7528,154.2298,-0.0434,0.1700,0.0398,0.9837,1851.0000,1685.0000,1864.0000,,,,
6.4104,284,1,-2.5116,30.5147,108.9495,-0.0530,-0.1045,0.0360,0.9925,1851.0000,1677.0000,1864.0000,,,,
6.4227,284,1,-2.5116,30.5147,108.9495,-0.0530,-0.1045,0.0360,0.9925,1851.0000,1668.0000,1864.0000,,,,
6.4346,284,1,-2.5116,30.5147,108.9495,-0.0530,-0.1045,0.0360,0.9925,1851.0000,1660.0000,1864.0000,,,,
6.4463,284,1,-7.0562,32.7091,150.3208,-0.0480,0.1667,0.0443,0.9838,1851.0000,1644.0000,1864.0000,,,,
6.4550,284,1,-7.0562,32.7091,150.3208,-0.0480,0.1667,0.0443,0.9838,1851.0000,1635.0000,1864.0000,,,,
6.4670,284,1,-7.0562,32.7091,150.3208,-0.0480,0.1667,0.0443,0.9838,1851.0000,1624.0000,1857.0000,,,,
6.4786,284,1,-8.0023,32.6942,148.2000,-0.0452,0.1635,0.0442,0.9845,1851.0000,1617.0000,1846.0000,,,,
6.4913,284,1,-8.0023,32.6942,148.2000,-0.0452,0.1635,0.0442,0.9845,1851.0000,1610.0000,1835.0000,,,,
6.5020,284,1,-8.0023,32.6942,148.2000,-0.0452,0.1635,0.0442,0.9845,1851.0000,1605.0000,1828.0000,,,,
6.5150,284,1,-9.2636,32.9567,146.5072,-0.0442,0.1626,0.0442,0.9847,1851.0000,1594.0000,1820.0000,,,,
6.5233,284,1,-9.2636,32.9567,146.5072,-0.0442,0.1626,0.0442,0.9847,1851.0000,1588.0000,1816.0000,,,,
6.5343,284,1,-9.2636,32.9567,146.5072,-0.0442,0.1626,0.0442,0.9847,1852.0000,1583.0000,1812.0000,,,,
6.5465,284,1,-10.2782,33.3627,144.9194,-0.0435,0.1618,0.0431,0.9849,1852.0000,1575.0000,1811.0000,,,,
6.5590,284,1,-10.2782,33.3627,144.9194,-0.0435,0.1618,0.0431,0.9849,1852.0000,1564.0000,1810.0000,,,,
6.5712,284,1,-10.2782,33.3627,144.9194,-0.0435,0.1618,0.0431,0.9849,1852.0000,1556.0000,1810.0000,,,,
6.5821,284,1,-10.4424,33.3135,143.4962,-0.0435,0.1626,0.0424,0.9848,1852.0000,1548.0000,1805.0000,,,,
6.5911,284,1,-10.4424,33.3135,143.4962,-0.0435,0.1626,0.0424,0.9848,1852.0000,1543.0000,1801.0000,,,,
6.6022,284,1,-10.4424,33.3135,143.4962,-0.0435,0.1626,0.0424,0.9848,1852.0000,1538.0000,1797.0000,,,,
6.6154,284,1,-9.9504,32.2611,141.6490,-0.0441,0.1612,0.0432,0.9850,1852.0000,1536.0000,1803.0000,,,,
6.6261,284,1,-9.9504,32.2611,141.6490,-0.0441,0.1612,0.0432,0.9850,1852.0000,1535.0000,1807.0000,,,,
6.6401,284,1,-9.0987,31.9482,140.0174,-0.0379,0.1548,0.0418,0.9863,1852.0000,1535.0000,1811.0000,,,,
6.6486,284,1,-9.0987,31.9482,140.0174,-0.0379,0.1548,0.0418,0.9863,1852.0000,1536.0000,1812.0000,,,,
6.6599,284,1,-9.0987,31.9482,140.0174,-0.0379,0.1548,0.0418,0.9863,1852.0000,1537.0000,1814.0000,,,,
6.6716,284,1,-8.2318,31.3837,139.2322,-0.0369,0.1563,0.0423,0.9861,1852.0000,1540.0000,1816.0000,,,,
6.6823,284,1,-8.2318,31.3837,139.2322,-0.0369,0.1563,0.0423,0.9861,1852.0000,1544.0000,1820.0000,,,,
6.6942,284,1,-8.2318,31.3837,139.2322,-0.0369,0.1563,0.0423,0.9861,1852.0000,1549.0000,1824.0000,,,,
6.7067,284,1,-6.4889,30.0629,138.0925,-0.0345,0.1597,0.0421,0.9857,1852.0000,1557.0000,1830.0000,,,,
6.7156,284,1,-6.4889,30.0629,138.0925,-0.0345,0.1597,0.0421,0.9857,1852.0000,1562.0000,1835.0000,,,,
6.7266,284,1,-6.4889,30.0629,138.0925,-0.0345,0.1597,0.0421,0.9857,1852.0000,1568.0000,1840.0000,,,,
6.7380,284,1,-4.1073,28.3772,136.9451,-0.0325,0.1649,0.0440,0.9848,1852.0000,1577.0000,1856.0000,,,,
6.7514,284,1,-4.1073,28.3772,136.9451,-0.0325,0.1649,0.0440,0.9848,1852.0000,1585.0000,1863.0000,,,,
6.7620,284,1,-1.1856,25.3890,134.6002,-0.0373,0.1617,0.0500,0.9849,1852.0000,1597.0000,1863.0000,,,,
6.7741,284,1,-1.1856,25.3890,134.6002,-0.0373,0.1617,0.0500,0.9849,1852.0000,1613.0000,1863.0000,,,,
6.7831,284,1,-1.1856,25.3890,134.6002,-0.0373,0.1617,0.0500,0.9849,1852.0000,1622.0000,1863.0000,,,,
6.7946,284,1,0.1361,24.6074,133.8508,-0.0348,0.1671,0.0467,0.9842,1852.0000,1636.0000,1863.0000,,,,
6.8067,284,1,0.1361,24.6074,133.8508,-0.0348,0.1671,0.0467,0.9842,1852.0000,1648.0000,1863.0000,,,,
6.8184,284,1,2.9231,22.8163,132.1294,-0.0296,0.1654,0.0477,0.9846,1852.0000,1662.0000,1863.0000,,,,
6.8304,284,1,2.9231,22.8163,132.1294,-0.0296,0.1654,0.0477,0.9846,1852.0000,1677.0000,1863.0000,,,,
6.8402,284,1,2.9231,22.8163,132.1294,-0.0296,0.1654,0.0477,0.9846,1852.0000,1684.0000,1863.0000,,,,
6.8506,284,1,4.8240,21.6472,131.3078,-0.0283,0.1696,0.0492,0.9839,1852.0000,1696.0000,1863.0000,,,,
6.8623,284,1,4.8240,21.6472,131.3078,-0.0283,0.1696,0.0492,0.9839,1852.0000,1706.0000,1863.0000,,,,
6.8747,284,1,26.8814,23.3518,163.9958,-0.0075,0.4569,0.0285,0.8890,1829.0000,1717.0000,1863.0000,,,,
6.8869,284,1,26.8814,23.3518,163.9958,-0.0075,0.4569,0.0285,0.8890,1794.0000,1729.0000,1863.0000,,,,
6.8985,284,1,26.8814,23.3518,163.9958,-0.0075,0.4569,0.0285,0.8890,1767.0000,1739.0000,1863.0000,,,,
6.9072,284,1,8.5054,19.6051,128.5110,-0.0269,0.1718,0.0505,0.9835,1740.0000,1749.0000,1863.0000,,,,
6.9198,284,1,8.5054,19.6051,128.5110,-0.0269,0.1718,0.0505,0.9835,1710.0000,1761.0000,1863.0000,,,,
6.9304,284,1,37.9603,20.0626,165.3585,0.1076,0.5133,0.0069,0.8514,1692.0000,1772.0000,1863.0000,,,,
6.9431,284,1,37.9603,20.0626,165.3585,0.1076,0.5133,0.0069,0.8514,1670.0000,1787.0000,1863.0000,,,,
6.9549,284,1,37.9603,20.0626,165.3585,0.1076,0.5133,0.0069,0.8514,1654.0000,1797.0000,1863.0000,,,,
6.9669,284,1,10.8540,18.3855,125.6811,-0.0306,0.1795,0.0511,0.9819,1638.0000,1809.0000,1863.0000,,,,
6.9754,284,1,10.8540,18.3855,125.6811,-0.0306,0.1795,0.0511,0.9819,1629.0000,1816.0000,1863.0000,,,,
6.9871,284,1,11.5470,18.3924,123.1507,-0.0251,0.1683,0.0502,0.9841,1619.0000,1824.0000,1863.0000,,,,
6.9984,284,1,11.5470,18.3924,123.1507,-0.0251,0.1683,0.0502,0.9841,1608.0000,1830.0000,1863.0000,,,,
7.0112,284,1,11.5470,18.3924,123.1507,-0.0251,0.1683,0.0502,0.9841,1600.0000,1834.0000,1863.0000,,,,
7.0226,284,1,11.8133,18.3683,121.8389,-0.0256,0.1680,0.0492,0.9842,1595.0000,1835.0000,1863.0000,,,,
7.0325,284,1,11.8133,18.3683,121.8389,-0.0256,0.1680,0.0492,0.9842,1590.0000,1841.0000,1863.0000,,,,
7.0423,284,1,11.8133,18.3683,121.8389,-0.0256,0.1680,0.0492,0.9842,1587.0000,1846.0000,1863.0000,,,,
7.0541,284,1,34.0439,21.0041,154.0805,0.0631,0.4946,0.0235,0.8665,1590.0000,1848.0000,1863.0000,,,,
7.0670,284,1,34.0439,21.0041,154.0805,0.0631,0.4946,0.0235,0.8665,1588.0000,1853.0000,1863.0000,,,,
7.0790,284,1,11.4193,19.8257,118.2183,-0.0233,0.1652,0.0467,0.9849,1588.0000,1859.0000,1863.0000,,,,
7.0904,284,1,11.4193,19.8257,118.2183,-0.0233,0.1652,0.0467,0.9849,1589.0000,1863.0000,1863.0000,,,,
7.1005,284,1,10.7630,20.6922,116.9248,-0.0242,0.1635,0.0454,0.9852,1590.0000,1867.0000,1863.0000,,,,
7.1111,284,1,10.7630,20.6922,116.9248,-0.0242,0.1635,0.0454,0.9852,1592.0000,1872.0000,1863.0000,,,,
7.1229,284,1,10.7630,20.6922,116.9248,-0.0242,0.1635,0.0454,0.9852,1594.0000,1876.0000,1863.0000,,,,
7.1343,284,1,10.6109,21.4532,115.5882,-0.0252,0.1641,0.0455,0.9851,1599.0000,1876.0000,1863.0000,,,,
7.1477,284,1,10.6109,21.4532,115.5882,-0.0252,0.1641,0.0455,0.9851,1607.0000,1876.0000,1863.0000,,,,
7.1559,284,1,10.0188,22.8366,113.7278,-0.0256,0.1638,0.0445,0.9852,1611.0000,1877.0000,1863.0000,,,,
7.1673,284,1,10.0188,22.8366,113.7278,-0.0256,0.1638,0.0445,0.9852,1622.0000,1879.0000,1863.0000,,,,
7.1787,284,1,10.0188,22.8366,113.7278,-0.0256,0.1638,0.0445,0.9852,1631.0000,1879.0000,1863.0000,,,,
7.1907,284,1,9.3229,23.7661,112.2968,-0.0268,0.1624,0.0446,0.9853,1642.0000,1879.0000,1863.0000,,,,
7.2024,284,1,9.3229,23.7661,112.2968,-0.0268,0.1624,0.0446,0.9853,1651.0000,1879.0000,1863.0000,,,,
7.2152,284,1,7.9695,24.7916,110.0940,-0.0284,0.1603,0.0442,0.9857,1663.0000,1879.0000,1863.0000,,,,
7.2246,284,1,7.9695,24.7916,110.0940,-0.0284,0.1603,0.0442,0.9857,1675.0000,1877.0000,1863.0000,,,,
7.2347,284,1,7.9695,24.7916,110.0940,-0.0284,0.1603,0.0442,0.9857,1685.0000,1876.0000,1863.0000,,,,
7.2463,284,1,7.1653,25.6390,108.9011,-0.0285,0.1609,0.0445,0.9856,1702.0000,1869.0000,1863.0000,,,,
7.2596,284,1,7.1653,25.6390,108.9011,-0.0285,0.1609,0.0445,0.9856,1717.0000,1864.0000,1863.0000,,,,
7.2713,284,1,5.4904,26.9009,106.6050,-0.0294,0.1540,0.0443,0.9866,1733.0000,1860.0000,1863.0000,,,,
7.2827,284,1,5.4904,26.9009,106.6050,-0.0294,0.1540,0.0443,0.9866,1747.0000,1856.0000,1863.0000,,,,
7.2920,284,1,4.1793,27.7223,105.2102,-0.0301,0.1520,0.0440,0.9869,1759.0000,1852.0000,1863.0000,,,,
7.3022,284,1,4.1793,27.7223,105.2102,-0.0301,0.1520,0.0440,0.9869,1776.0000,1844.0000,1863.0000,,,,
7.3141,284,1,4.1793,27.7223,105.2102,-0.0301,0.1520,0.0440,0.9869,1792.0000,1835.0000,1863.0000,,,,
7.3269,284,1,2.8847,28.6256,104.0955,-0.0300,0.1533,0.0436,0.9868,1819.0000,1825.0000,1863.0000,,,,
7.3387,284,1,2.8847,28.6256,104.0955,-0.0300,0.1533,0.0436,0.9868,1839.0000,1819.0000,1863.0000,,,,
7.3481,284,1,0.7024,29.7623,102.3037,-0.0291,0.1507,0.0430,0.9872,1852.0000,1812.0000,1863.0000,,,,
7.3590,284,1,0.7024,29.7623,102.3037,-0.0291,0.1507,0.0430,0.9872,1852.0000,1805.0000,1863.0000,,,,
7.3712,284,1,-0.9519,30.3940,100.8515,-0.0298,0.1480,0.0423,0.9876,1852.0000,1792.0000,1863.0000,,,,
7.3826,284,1,-0.9519,30.3940,100.8515,-0.0298,0.1480,0.0423,0.9876,1852.0000,1778.0000,1863.0000,,,,
7.3942,284,1,-2.5765,30.9955,99.4855,-0.0303,0.1462,0.0413,0.9879,1852.0000,1765.0000,1863.0000,,,,
7.4070,284,1,-2.5765,30.9955,99.4855,-0.0303,0.1462,0.0413,0.9879,1852.0000,1750.0000,1863.0000,,,,
7.4151,284,1,-4.2843,31.6028,98.1192,-0.0308,0.1440,0.0410,0.9883,1852.0000,1742.0000,1863.0000,,,,
7.4261,284,1,-4.2843,31.6028,98.1192,-0.0308,0.1440,0.0410,0.9883,1852.0000,1724.0000,1856.0000,,,,
7.4400,284,1,-5.9147,32.1760,96.8260,-0.0310,0.1424,0.0403,0.9885,1852.0000,1706.0000,1848.0000,,,,
7.4504,284,1,-5.9147,32.1760,96.8260,-0.0310,0.1424,0.0403,0.9885,1852.0000,1692.0000,1841.0000,,,,
7.4624,284,1,-5.9147,32.1760,96.8260,-0.0310,0.1424,0.0403,0.9885,1852.0000,1681.0000,1835.0000,,,,
7.4746,284,1,-7.6619,32.6104,95.5018,-0.0309,0.1403,0.0393,0.9888,1852.0000,1659.0000,1829.0000,,,,
7.4827,284,1,-7.6619,32.6104,95.5018,-0.0309,0.1403,0.0393,0.9888,1852.0000,1647.0000,1825.0000,,,,
7.4948,284,1,-9.9617,32.9109,93.6767,-0.0308,0.1378,0.0375,0.9893,1852.0000,1627.0000,1817.0000,,,,
7.5069,284,1,-9.9617,32.9109,93.6767,-0.0308,0.1378,0.0375,0.9893,1852.0000,1608.0000,1809.0000,,,,
7.5193,284,1,-11.1574,33.1896,92.7141,-0.0262,0.1338,0.0361,0.9900,1852.0000,1592.0000,1801.0000,,,,
7.5310,284,1,-11.1574,33.1896,92.7141,-0.0262,0.1338,0.0361,0.9900,1852.0000,1579.0000,1796.0000,,,,
7.5393,284,1,-12.5582,33.5006,91.5417,-0.0263,0.1315,0.0346,0.9904,1852.0000,1571.0000,1793.0000,,,,
7.5518,284,1,-12.5582,33.5006,91.5417,-0.0263,0.1315,0.0346,0.9904,1852.0000,1558.0000,1787.0000,,,,
7.5620,284,1,-13.6885,33.9181,90.5655,-0.0266,0.1311,0.0334,0.9904,1852.0000,1550.0000,1783.0000,,,,
7.5742,284,1,-13.6885,33.9181,90.5655,-0.0266,0.1311,0.0334,0.9904,1852.0000,1540.0000,1778.0000,,,,
7.5865,284,1,-14.4168,34.4118,89.6810,-0.0273,0.1313,0.0343,0.9904,1852.0000,1532.0000,1774.0000,,,,
7.5982,284,1,-14.4168,34.4118,89.6810,-0.0273,0.1313,0.0343,0.9904,1852.0000,1521.0000,1770.0000,,,,
7.6071,284,1,-14.4168,34.4118,89.6810,-0.0273,0.1313,0.0343,0.9904,1852.0000,1512.0000,1768.0000,,,,
7.6183,284,1,-15.1797,34.8793,88.8619,-0.0260,0.1306,0.0333,0.9905,1852.0000,1501.0000,1763.0000,,,,
7.6302,284,1,-15.1797,34.8793,88.8619,-0.0260,0.1306,0.0333,0.9905,1852.0000,1491.0000,1757.0000,,,,
7.6421,284,1,-15.9509,35.7712,87.5308,-0.0270,0.1315,0.0340,0.9904,1852.0000,1478.0000,1749.0000,,,,
7.6550,284,1,-15.9509,35.7712,87.5308,-0.0270,0.1315,0.0340,0.9904,1852.0000,1465.0000,1740.0000,,,,
7.6660,284,1,-16.1612,36.2619,86.5754,-0.0285,0.1323,0.0358,0.9902,1852.0000,1457.0000,1733.0000,,,,
7.6758,284,1,-16.1612,36.2619,86.5754,-0.0285,0.1323,0.0358,0.9902,1852.0000,1451.0000,1727.0000,,,,
7.6860,284,1,-16.4466,36.9972,85.6726,-0.0289,0.1329,0.0352,0.9901,1852.0000,1449.0000,1722.0000,,,,
7.6987,284,1,-16.4466,36.9972,85.6726,-0.0289,0.1329,0.0352,0.9901,1852.0000,1450.0000,1713.0000,,,,
7.7108,284,1,-16.6803,37.5216,84.3238,-0.0323,0.1295,0.0357,0.9904,1852.0000,1449.0000,1702.0000,,,,
7.7224,284,1,-16.6803,37.5216,84.3238,-0.0323,0.1295,0.0357,0.9904,1852.0000,1444.0000,1693.0000,,,,
7.7317,284,1,-16.8179,38.3430,83.4500,-0.0336,0.1306,0.0370,0.9902,1852.0000,1441.0000,1685.0000,,,,
7.7424,284,1,-16.8179,38.3430,83.4500,-0.0336,0.1306,0.0370,0.9902,1852.0000,1438.0000,1677.0000,,,,
7.7547,284,1,-16.3221,39.5876,82.7515,-0.0290,0.1227,0.0373,0.9913,1852.0000,1438.0000,1665.0000,,,,
7.7669,284,1,-16.3221,39.5876,82.7515,-0.0290,0.1227,0.0373,0.9913,1852.0000,1440.0000,1653.0000,,,,
7.7783,284,1,-9.2203,45.5531,77.0111,0.0573,-0.1187,0.0176,0.9911,1852.0000,1445.0000,1641.0000,,,,
7.7908,284,1,-9.2203,45.5531,77.0111,0.0573,-0.1187,0.0176,0.9911,1852.0000,1450.0000,1632.0000,,,,
7.7986,284,1,-16.2322,41.5738,81.1880,-0.0302,0.1235,0.0385,0.9911,1852.0000,1453.0000,1624.0000,,,,
7.8103,284,1,-16.2322,41.5738,81.1880,-0.0302,0.1235,0.0385,0.9911,1852.0000,1456.0000,1613.0000,,,,
7.8227,284,1,-16.0529,42.8433,80.5129,-0.0294,0.1210,0.0378,0.9915,1852.0000,1460.0000,1595.0000,,,,
7.8355,284,1,-16.0529,42.8433,80.5129,-0.0294,0.1210,0.0378,0.9915,1852.0000,1463.0000,1575.0000,,,,
7.8468,284,1,-13.2449,45.2945,83.3705,0.0264,0.0652,0.0262,0.9972,1853.0000,1475.0000,1561.0000,,,,
7.8581,284,1,-13.2449,45.2945,83.3705,0.0264,0.0652,0.0262,0.9972,1853.0000,1484.0000,1554.0000,,,,
7.8669,284,1,-15.3735,44.2894,79.2226,-0.0298,0.1226,0.0380,0.9913,1853.0000,1490.0000,1545.0000,,,,
7.8796,284,1,-15.3735,44.2894,79.2226,-0.0298,0.1226,0.0380,0.9913,1853.0000,1499.0000,1534.0000,,,,
7.8904,284,1,-14.8180,44.6629,78.5164,-0.0301,0.1236,0.0380,0.9912,1853.0000,1505.0000,1528.0000,,,,
7.9025,284,1,-14.8180,44.6629,78.5164,-0.0301,0.1236,0.0380,0.9912,1853.0000,1512.0000,1522.0000,,,,
7.9139,284,1,-14.2090,44.4260,78.2057,-0.0269,0.1252,0.0388,0.9910,1853.0000,1515.0000,1513.0000,,,,
7.9242,284,1,-14.2090,44.4260,78.2057,-0.0269,0.1252,0.0388,0.9910,1853.0000,1517.0000,1505.0000,,,,
7.9343,284,1,-13.4546,44.0546,77.7436,-0.0240,0.1269,0.0396,0.9908,1853.0000,1516.0000,1499.0000,,,,
7.9461,284,1,-13.4546,44.0546,77.7436,-0.0240,0.1269,0.0396,0.9908,1853.0000,1516.0000,1493.0000,,,,
7.9581,284,1,-12.5232,43.4680,77.2661,-0.0216,0.1301,0.0398,0.9905,1853.0000,1526.0000,1496.0000,,,,
7.9705,284,1,-11.5045,43.0077,76.7831,-0.0214,0.1342,0.0390,0.9899,1853.0000,1536.0000,1498.0000,,,,
7.9821,284,1,-11.5045,43.0077,76.7831,-0.0214,0.1342,0.0390,0.9899,1853.0000,1548.0000,1500.0000,,,,
7.9917,284,1,0.6810,45.5695,101.9359,-0.0746,0.4806,0.0233,0.8735,1853.0000,1555.0000,1502.0000,,,,
8.0019,284,1,0.6810,45.5695,101.9359,-0.0746,0.4806,0.0233,0.8735,1853.0000,1557.0000,1505.0000,,,,
8.0148,284,1,-9.7886,41.6650,75.5410,-0.0227,0.1343,0.0389,0.9899,1853.0000,1562.0000,1509.0000,,,,
8.0270,284,1,-9.7886,41.6650,75.5410,-0.0227,0.1343,0.0389,0.9899,1853.0000,1578.0000,1518.0000,,,,
8.0400,284,1,-8.6080,40.5074,74.8996,-0.0205,0.1346,0.0391,0.9899,1853.0000,1592.0000,1529.0000,,,,
8.0479,284,1,-8.6080,40.5074,74.8996,-0.0205,0.1346,0.0391,0.9899,1853.0000,1600.0000,1535.0000,,,,
8.0589,284,1,-7.4532,39.3001,74.1248,-0.0174,0.1266,0.0397,0.9910,1853.0000,1610.0000,1545.0000,,,,
8.0702,284,1,-7.4532,39.3001,74.1248,-0.0174,0.1266,0.0397,0.9910,1853.0000,1619.0000,1560.0000,,,,
8.0826,284,1,-6.5036,37.8810,73.5248,-0.0161,0.1273,0.0406,0.9909,1853.0000,1626.0000,1575.0000,,,,
8.0949,284,1,-6.5036,37.8810,73.5248,-0.0161,0.1273,0.0406,0.9909,1853.0000,1630.0000,1587.0000,,,,
8.1066,284,1,-5.6661,36.2387,72.7238,-0.0172,0.1321,0.0421,0.9902,1853.0000,1627.0000,1608.0000,,,,
8.1156,284,1,-5.6661,36.2387,72.7238,-0.0172,0.1321,0.0421,0.9902,1853.0000,1625.0000,1621.0000,,,,
8.1259,284,1,-4.8259,34.7691,72.0400,-0.0162,0.1339,0.0429,0.9899,1853.0000,1631.0000,1642.0000,,,,
8.1383,284,1,-4.0628,33.2337,71.5434,-0.0154,0.1379,0.0438,0.9894,1853.0000,1636.0000,1664.0000,,,,
8.1507,284,1,-4.0628,33.2337,71.5434,-0.0154,0.1379,0.0438,0.9894,1853.0000,1637.0000,1687.0000,,,,
8.1621,284,1,-2.1283,25.9452,56.1706,-0.1713,-0.0463,0.0636,0.9821,1853.0000,1641.0000,1705.0000,,,,
8.1743,284,1,-2.1283,25.9452,56.1706,-0.1713,-0.0463,0.0636,0.9821,1853.0000,1645.0000,1722.0000,,,,
8.1840,284,1,-3.1258,30.8494,70.5638,-0.0109,0.1407,0.0446,0.9890,1853.0000,1648.0000,1740.0000,,,,
8.1940,284,1,-3.1258,30.8494,70.5638,-0.0109,0.1407,0.0446,0.9890,1853.0000,1649.0000,1757.0000,,,,
8.2070,284,1,-2.7209,29.3057,69.5795,-0.0126,0.1381,0.0452,0.9893,1853.0000,1647.0000,1779.0000,,,,
8.2184,284,1,-2.7209,29.3057,69.5795,-0.0126,0.1381,0.0452,0.9893,1853.0000,1644.0000,1797.0000,,,,
8.2299,284,1,-2.3336,27.9999,68.9718,-0.0109,0.1389,0.0453,0.9892,1853.0000,1642.0000,1818.0000,,,,
8.2396,284,1,-2.3336,27.9999,68.9718,-0.0109,0.1389,0.0453,0.9892,1853.0000,1641.0000,1832.0000,,,,
8.2507,284,1,13.3806,27.5353,92.3369,0.0322,0.5392,-0.0039,0.8415,1853.0000,1639.0000,1852.0000,,,,
8.2630,284,1,13.3806,27.5353,92.3369,0.0322,0.5392,-0.0039,0.8415,1853.0000,1637.0000,1862.0000,,,,
8.2746,284,1,-2.0582,25.2486,67.3782,-0.0115,0.1372,0.0454,0.9894,1853.0000,1634.0000,1862.0000,,,,
8.2860,284,1,-1.8800,24.0646,66.6727,-0.0130,0.1369,0.0454,0.9895,1853.0000,1631.0000,1862.0000,,,,
8.2983,284,1,-1.8800,24.0646,66.6727,-0.0130,0.1369,0.0454,0.9895,1853.0000,1629.0000,1862.0000,,,,
8.3074,284,1,-1.7447,23.7924,66.4141,-0.0136,0.1384,0.0441,0.9893,1853.0000,1627.0000,1862.0000,,,,
8.3183,284,1,-1.7447,23.7924,66.4141,-0.0136,0.1384,0.0441,0.9893,1853.0000,1622.0000,1862.0000,,,,
8.3307,284,1,-1.4723,22.7037,65.9467,-0.0156,0.1405,0.0442,0.9890,1853.0000,1620.0000,1862.0000,,,,
8.3428,284,1,-1.4723,22.7037,65.9467,-0.0156,0.1405,0.0442,0.9890,1853.0000,1619.0000,1862.0000,,,,
8.3549,284,1,-1.1585,21.5453,65.3805,-0.0145,0.1419,0.0449,0.9888,1853.0000,1617.0000,1862.0000,,,,
8.3675,284,1,-0.8646,20.3072,64.7063,-0.0120,0.1401,0.0445,0.9891,1853.0000,1613.0000,1862.0000,,,,
8.3755,284,1,-0.8646,20.3072,64.7063,-0.0120,0.1401,0.0445,0.9891,1853.0000,1608.0000,1862.0000,,,,
8.3870,284,1,-0.8646,20.3072,64.7063,-0.0120,0.1401,0.0445,0.9891,1853.0000,1602.0000,1862.0000,,,,
8.3989,284,1,-0.6996,19.7430,64.4784,-0.0116,0.1412,0.0444,0.9889,1853.0000,1599.0000,1862.0000,,,,
8.4113,284,1,-0.0002,18.4237,63.6501,-0.0030,0.1324,0.0440,0.9902,1853.0000,1597.0000,1862.0000,,,,
8.4227,284,1,-0.0002,18.4237,63.6501,-0.0030,0.1324,0.0440,0.9902,1853.0000,1593.0000,1862.0000,,,,
8.4316,284,1,4.2344,14.1238,48.0790,-0.0874,-0.2135,0.0957,0.9683,1853.0000,1592.0000,1862.0000,,,,
8.4425,284,1,4.2344,14.1238,48.0790,-0.0874,-0.2135,0.0957,0.9683,1853.0000,1591.0000,1862.0000,,,,
8.4548,284,1,0.5446,17.4938,62.5741,-0.0055,0.1312,0.0443,0.9903,1853.0000,1590.0000,1862.0000,,,,
8.4669,284,1,0.5446,17.4938,62.5741,-0.0055,0.1312,0.0443,0.9903,1853.0000,1588.0000,1862.0000,,,,
8.4780,284,1,0.9181,17.2076,61.9862,-0.0050,0.1310,0.0449,0.9904,1850.0000,1587.0000,1862.0000,,,,
8.4915,284,1,1.1652,17.0519,61.3836,-0.0055,0.1312,0.0453,0.9903,1839.0000,1587.0000,1862.0000,,,,
8.5003,284,1,1.1652,17.0519,61.3836,-0.0055,0.1312,0.0453,0.9903,1831.0000,1587.0000,1862.0000,,,,
8.5104,284,1,1.2434,17.0879,61.1551,-0.0044,0.1319,0.0447,0.9902,1824.0000,1587.0000,1862.0000,,,,
8.5228,284,1,1.2434,17.0879,61.1551,-0.0044,0.1319,0.0447,0.9902,1820.0000,1588.0000,1862.0000,,,,
8.5341,284,1,1.4176,17.1554,60.5301,-0.0053,0.1334,0.0446,0.9900,1814.0000,1590.0000,1862.0000,,,,
8.5462,284,1,1.4176,17.1554,60.5301,-0.0053,0.1334,0.0446,0.9900,1807.0000,1593.0000,1862.0000,,,,
8.5586,284,1,1.6406,17.3505,59.9837,-0.0051,0.1334,0.0454,0.9900,1801.0000,1596.0000,1862.0000,,,,
8.5670,284,1,1.6406,17.3505,59.9837,-0.0051,0.1334,0.0454,0.9900,1798.0000,1598.0000,1862.0000,,,,
8.5785,284,1,1.7623,17.5096,59.4454,-0.0053,0.1344,0.0444,0.9899,1795.0000,1601.0000,1862.0000,,,,
8.5899,284,1,2.0554,17.5974,59.0561,-0.0032,0.1356,0.0442,0.9898,1792.0000,1603.0000,1862.0000,,,,
8.6025,284,1,2.0554,17.5974,59.0561,-0.0032,0.1356,0.0442,0.9898,1790.0000,1607.0000,1862.0000,,,,
8.6149,284,1,2.2696,17.6123,58.7970,-0.0033,0.1364,0.0444,0.9896,1786.0000,1610.0000,1862.0000,,,,
8.6238,284,1,2.2696,17.6123,58.7970,-0.0033,0.1364,0.0444,0.9896,1783.0000,1613.0000,1862.0000,,,,
8.6348,284,1,2.7565,17.5227,58.1943,-0.0040,0.1383,0.0450,0.9894,1778.0000,1616.0000,1862.0000,,,,
8.6458,284,1,2.7565,17.5227,58.1943,-0.0040,0.1383,0.0450,0.9894,1772.0000,1620.0000,1862.0000,,,,
8.6580,284,1,3.3727,17.3679,57.7213,-0.0030,0.1408,0.0453,0.9890,1761.0000,1627.0000,1862.0000,,,,
8.6704,284,1,3.9393,17.0593,56.8932,-0.0069,0.1376,0.0467,0.9894,1755.0000,1631.0000,1862.0000,,,,
8.6827,284,1,3.9393,17.0593,56.8932,-0.0069,0.1376,0.0467,0.9894,1754.0000,1631.0000,1862.0000,,,,
8.6918,284,1,4.1844,16.8570,56.6143,-0.0086,0.1407,0.0467,0.9889,1750.0000,1633.0000,1862.0000,,,,
8.7023,284,1,4.1844,16.8570,56.6143,-0.0086,0.1407,0.0467,0.9889,1743.0000,1636.0000,1862.0000,,,,
8.7147,284,1,4.7389,16.4976,56.0747,-0.0126,0.1435,0.0474,0.9884,1734.0000,1641.0000,1862.0000,,,,
8.7267,284,1,5.1562,16.1733,55.3823,-0.0126,0.1435,0.0475,0.9884,1726.0000,1645.0000,1862.0000,,,,
8.7380,284,1,5.1562,16.1733,55.3823,-0.0126,0.1435,0.0475,0.9884,1716.0000,1649.0000,1862.0000,,,,
8.7505,284,1,5.3194,16.0128,55.0591,-0.0120,0.1439,0.0470,0.9884,1706.0000,1653.0000,1862.0000,,,,
8.7597,284,1,5.3194,16.0128,55.0591,-0.0120,0.1439,0.0470,0.9884,1700.0000,1657.0000,1862.0000,,,,
8.7708,284,1,5.4429,15.7351,54.2577,-0.0138,0.1457,0.0477,0.9881,1692.0000,1660.0000,1862.0000,,,,
8.7822,284,1,5.4429,15.7351,54.2577,-0.0138,0.1457,0.0477,0.9881,1684.0000,1662.0000,1862.0000,,,,
8.7945,284,1,5.5567,15.5026,53.5003,-0.0118,0.1442,0.0484,0.9883,1675.0000,1665.0000,1862.0000,,,,
8.8070,284,1,5.4999,15.3970,52.7463,-0.0030,0.1308,0.0479,0.9902,1669.0000,1666.0000,1862.0000,,,,
8.8148,284,1,5.4999,15.3970,52.7463,-0.0030,0.1308,0.0479,0.9902,1667.0000,1665.0000,1862.0000,,,,
8.8268,284,1,5.2453,15.2908,52.2994,-0.0025,0.1303,0.0481,0.9903,1666.0000,1662.0000,1862.0000,,,,
8.8380,284,1,5.2453,15.2908,52.2994,-0.0025,0.1303,0.0481,0.9903,1667.0000,1659.0000,1862.0000,,,,
8.8510,284,1,4.7007,15.0482,51.3706,-0.0023,0.1298,0.0475,0.9904,1667.0000,1655.0000,1862.0000,,,,
8.8624,284,1,4.0587,14.7858,50.4027,-0.0010,0.1287,0.0478,0.9905,1668.0000,1651.0000,1862.0000,,,,
8.8748,284,1,4.0587,14.7858,50.4027,-0.0010,0.1287,0.0478,0.9905,1672.0000,1645.0000,1862.0000,,,,
8.8828,284,1,3.6255,14.6366,49.8029,-0.0016,0.1268,0.0475,0.9908,1676.0000,1639.0000,1862.0000,,,,
8.8975,284,1,2.7367,14.4252,48.7990,0.0004,0.1274,0.0470,0.9907,1682.0000,1630.0000,1862.0000,,,,
8.9070,284,1,2.7367,14.4252,48.7990,0.0004,0.1274,0.0470,0.9907,1688.0000,1623.0000,1862.0000,,,,
8.9181,284,1,2.2828,14.3123,48.2594,0.0002,0.1271,0.0471,0.9908,1694.0000,1615.0000,1862.0000,,,,
8.9304,284,1,2.2828,14.3123,48.2594,0.0002,0.1271,0.0471,0.9908,1701.0000,1607.0000,1862.0000,,,,
8.9384,284,1,1.4781,14.1627,47.1713,0.0009,0.1246,0.0471,0.9911,1708.0000,1599.0000,1862.0000,,,,
8.9507,284,1,0.7141,14.0095,46.0549,-0.0034,0.1199,0.0475,0.9916,1717.0000,1588.0000,1862.0000,,,,
8.9617,284,1,0.7141,14.0095,46.0549,-0.0034,0.1199,0.0475,0.9916,1726.0000,1579.0000,1862.0000,,,,
8.9745,284,1,0.3302,13.9847,45.5172,-0.0036,0.1188,0.0471,0.9918,1736.0000,1569.0000,1862.0000,,,,
8.9858,284,1,-0.4307,14.0039,44.5650,-0.0036,0.1179,0.0470,0.9919,1745.0000,1560.0000,1862.0000,,,,
8.9984,284,1,-0.4307,14.0039,44.5650,-0.0036,0.1179,0.0470,0.9919,1758.0000,1548.0000,1862.0000,,,,
9.0072,284,1,-0.7757,14.0352,44.0340,-0.0044,0.1155,0.0465,0.9922,1765.0000,1542.0000,1862.0000,,,,
9.0185,284,1,-0.7757,14.0352,44.0340,-0.0044,0.1155,0.0465,0.9922,1772.0000,1535.0000,1862.0000,,,,
9.0305,284,1,-1.3962,14.0970,43.0855,-0.0038,0.1164,0.0464,0.9921,1783.0000,1526.0000,1862.0000,,,,
9.0421,284,1,-1.9179,14.1304,42.1158,-0.0041,0.1155,0.0464,0.9922,1795.0000,1516.0000,1862.0000,,,,
9.0547,284,1,-1.9179,14.1304,42.1158,-0.0041,0.1155,0.0464,0.9922,1810.0000,1504.0000,1862.0000,,,,
9.0659,284,1,-2.2559,14.1052,41.6595,-0.0037,0.1173,0.0467,0.9920,1819.0000,1497.0000,1862.0000,,,,
9.0750,284,1,-2.6629,14.2061,40.8301,-0.0013,0.1127,0.0469,0.9925,1826.0000,1491.0000,1862.0000,,,,
9.0864,284,1,-2.6629,14.2061,40.8301,-0.0013,0.1127,0.0469,0.9925,1836.0000,1484.0000,1862.0000,,,,
9.0984,284,1,-2.9305,14.2899,40.3048,-0.0018,0.1128,0.0471,0.9925,1847.0000,1477.0000,1862.0000,,,,
9.1104,284,1,-3.2941,14.4695,39.4217,-0.0019,0.1133,0.0478,0.9924,1853.0000,1470.0000,1862.0000,,,,
9.1221,284,1,-3.2941,14.4695,39.4217,-0.0019,0.1133,0.0478,0.9924,1853.0000,1464.0000,1862.0000,,,,
9.1310,284,1,-3.4788,14.5536,38.8707,-0.0026,0.1136,0.0477,0.9924,1853.0000,1458.0000,1862.0000,,,,
9.1423,284,1,-3.9792,14.6879,37.8274,-0.0022,0.1130,0.0479,0.9924,1853.0000,1452.0000,1862.0000,,,,
9.1539,284,1,-3.9792,14.6879,37.8274,-0.0022,0.1130,0.0479,0.9924,1853.0000,1448.0000,1862.0000,,,,
9.1670,284,1,-4.2841,14.7707,37.3061,-0.0025,0.1126,0.0476,0.9925,1853.0000,1439.0000,1862.0000,,,,
9.1780,284,1,-4.9825,15.0615,36.2020,-0.0013,0.1091,0.0473,0.9929,1853.0000,1436.0000,1862.0000,,,,
9.1899,284,1,-5.3840,15.1418,35.5842,-0.0035,0.1093,0.0472,0.9929,1853.0000,1434.0000,1862.0000,,,,
9.1992,284,1,-5.3840,15.1418,35.5842,-0.0035,0.1093,0.0472,0.9929,1853.0000,1431.0000,1862.0000,,,,
9.2100,284,1,-5.7354,15.2839,35.0451,-0.0047,0.1076,0.0468,0.9931,1853.0000,1429.0000,1863.0000,,,,
9.2217,284,1,-6.3682,15.5654,33.9534,-0.0056,0.1074,0.0469,0.9931,1853.0000,1427.0000,1863.0000,,,,
9.2346,284,1,-6.3682,15.5654,33.9534,-0.0056,0.1074,0.0469,0.9931,1853.0000,1423.0000,1863.0000,,,,
9.2465,284,1,-6.6476,15.7708,33.5938,-0.0029,0.1079,0.0464,0.9931,1853.0000,1416.0000,1863.0000,,,,
9.2586,284,1,-7.1962,16.6064,32.6546,-0.0035,0.1080,0.0443,0.9932,1853.0000,1410.0000,1863.0000,,,,
9.2664,284,1,-7.1962,16.6064,32.6546,-0.0035,0.1080,0.0443,0.9932,1853.0000,1407.0000,1863.0000,,,,
9.2779,284,1,-7.4782,16.8161,32.1306,-0.0027,0.1056,0.0424,0.9935,1853.0000,1403.0000,1863.0000,,,,
9.2916,284,1,-8.0311,16.8537,30.9559,-0.0074,0.1042,0.0432,0.9936,1853.0000,1398.0000,1863.0000,,,,
9.3023,284,1,-8.2509,16.9757,30.5421,-0.0061,0.1040,0.0430,0.9936,1853.0000,1395.0000,1863.0000,,,,
9.3143,284,1,-8.2509,16.9757,30.5421,-0.0061,0.1040,0.0430,0.9936,1853.0000,1395.0000,1863.0000,,,,
9.3230,284,1,-8.5208,17.0637,29.9952,-0.0059,0.1008,0.0424,0.9940,1853.0000,1396.0000,1863.0000,,,,
9.3338,284,0,-9.2389,17.2784,28.7898,-0.0106,0.0994,0.0426,0.9941,1853.0000,1407.0000,1863.0000,,,,
9.3465,284,0,-9.2389,17.2784,28.7898,-0.0106,0.0994,0.0426,0.9941,1853.0000,1411.0000,1863.0000,,,,
9.3580,284,0,-9.4208,17.3999,28.2779,-0.0067,0.1001,0.0414,0.9941,1853.0000,1414.0000,1863.0000,,,,
9.3701,284,0,-9.6874,17.4749,27.2732,-0.0065,0.1025,0.0424,0.9938,1853.0000,1419.0000,1863.0000,,,,
9.3816,284,0,-9.6874,17.4749,27.2732,-0.0065,0.1025,0.0424,0.9938,1853.0000,1421.0000,1863.0000,231.0000,766.0000,63.4095,210.2670
