t_secs,target_id,detected,tx_mm,ty_mm,tz_mm,dx_mm,dy_mm,dz_mm,qx,qy,qz,qw,pwm_a,pwm_b,pwm_c,touch_x_px,touch_y_px,touch_x_mm,touch_y_mm
0.0000,130,0,32.8485,69.3242,830.9053,33.4174,100.2201,850.9934,-0.3058,-0.3942,-0.1367,0.8558,1870.0000,1868.0000,1873.0000,,,,
0.0120,130,0,32.8485,69.3242,830.9053,33.4174,100.2201,850.9934,-0.3058,-0.3942,-0.1367,0.8558,1868.0000,1868.0000,1873.0000,,,,
0.0241,130,0,32.8485,69.3242,830.9053,33.4174,100.2201,850.9934,-0.3058,-0.3942,-0.1367,0.8558,1867.0000,1868.0000,1874.0000,,,,
0.0362,130,0,33.1561,69.7412,836.1577,44.7425,98.3879,856.2458,0.3693,-0.2914,0.0955,0.8772,1864.0000,1868.0000,1874.0000,,,,
0.0480,130,0,33.1561,69.7412,836.1577,44.7425,98.3879,856.2458,0.3693,-0.2914,0.0955,0.8772,1863.0000,1867.0000,1873.0000,,,,
0.0566,130,0,33.1561,69.7412,836.1577,44.7425,98.3879,856.2458,0.3693,-0.2914,0.0955,0.8772,1861.0000,1867.0000,1873.0000,,,,
0.0679,130,0,34.3176,70.0259,829.1846,34.3139,100.9270,849.2726,-0.3442,-0.2517,-0.1308,0.8950,1858.0000,1867.0000,1873.0000,,,,
0.0801,130,0,34.3176,70.0259,829.1846,34.3139,100.9270,849.2726,-0.3442,-0.2517,-0.1308,0.8950,1855.0000,1866.0000,1873.0000,,,,
0.0919,130,0,34.3176,70.0259,829.1846,34.3139,100.9270,849.2726,-0.3442,-0.2517,-0.1308,0.8950,1852.0000,1865.0000,1873.0000,,,,
0.1040,130,0,46.7123,73.9707,687.9157,54.5270,103.8674,708.0038,-0.3041,0.6705,0.4742,0.4828,1849.0000,1863.0000,1873.0000,,,,
0.1167,130,0,46.7123,73.9707,687.9157,54.5270,103.8674,708.0038,-0.3041,0.6705,0.4742,0.4828,1843.0000,1864.0000,1873.0000,,,,
0.1256,130,0,46.7123,73.9707,687.9157,54.5270,103.8674,708.0038,-0.3041,0.6705,0.4742,0.4828,1839.0000,1864.0000,1873.0000,,,,
0.1359,130,0,83.9225,98.4569,832.0733,85.9319,129.2926,852.1614,-0.0216,0.1293,-0.0555,0.9898,1835.0000,1864.0000,1873.0000,,,,
0.1479,130,0,83.9225,98.4569,832.0733,85.9319,129.2926,852.1614,-0.0216,0.1293,-0.0555,0.9898,1826.0000,1865.0000,1873.0000,,,,
0.1600,130,0,83.9225,98.4569,832.0733,85.9319,129.2926,852.1614,-0.0216,0.1293,-0.0555,0.9898,1817.0000,1867.0000,1873.0000,,,,
0.1718,130,0,90.4088,102.0129,826.0660,82.7283,131.9443,846.1541,0.0730,-0.0794,-0.0228,0.9939,1809.0000,1867.0000,1873.0000,,,,
0.1808,130,0,90.4088,102.0129,826.0660,82.7283,131.9443,846.1541,0.0730,-0.0794,-0.0228,0.9939,1804.0000,1867.0000,1873.0000,,,,
0.1921,130,0,90.4088,102.0129,826.0660,82.7283,131.9443,846.1541,0.0730,-0.0794,-0.0228,0.9939,1796.0000,1867.0000,1873.0000,,,,
0.2039,130,0,88.2084,107.8368,842.8115,89.5628,138.7082,862.8995,0.2775,-0.3190,0.0190,0.9060,1789.0000,1867.0000,1873.0000,,,,
0.2158,130,0,88.2084,107.8368,842.8115,89.5628,138.7082,862.8995,0.2775,-0.3190,0.0190,0.9060,1781.0000,1867.0000,1873.0000,,,,
0.2279,130,0,88.2084,107.8368,842.8115,89.5628,138.7082,862.8995,0.2775,-0.3190,0.0190,0.9060,1772.0000,1867.0000,1873.0000,,,,
0.2404,130,0,83.8894,109.0840,813.8636,85.8360,139.9237,833.9517,-0.0547,-0.0143,-0.0661,0.9962,1764.0000,1867.0000,1873.0000,,,,
0.2494,130,0,83.8894,109.0840,813.8636,85.8360,139.9237,833.9517,-0.0547,-0.0143,-0.0661,0.9962,1759.0000,1867.0000,1873.0000,,,,
0.2602,130,0,83.8894,109.0840,813.8636,85.8360,139.9237,833.9517,-0.0547,-0.0143,-0.0661,0.9962,1752.0000,1867.0000,1873.0000,,,,
0.2720,130,0,83.8894,109.0840,813.8636,85.8360,139.9237,833.9517,-0.0547,-0.0143,-0.0661,0.9962,1746.0000,1867.0000,1873.0000,,,,
0.2840,130,1,90.9545,119.0037,844.9436,93.1656,149.8256,865.0317,-0.0736,0.1966,-0.0815,0.9743,1736.0000,1867.0000,1873.0000,,,,
0.2959,130,1,90.9545,119.0037,844.9436,93.1656,149.8256,865.0317,-0.0736,0.1966,-0.0815,0.9743,1727.0000,1866.0000,1873.0000,,,,
0.3079,130,1,90.9545,119.0037,844.9436,93.1656,149.8256,865.0317,-0.0736,0.1966,-0.0815,0.9743,1719.0000,1863.0000,1873.0000,,,,
0.3167,130,0,85.5963,109.1755,714.4944,83.3892,139.9977,734.5825,0.1021,0.4441,-0.1188,0.8822,1737.0000,1864.0000,1873.0000,,,,
0.3281,130,0,85.5963,109.1755,714.4944,83.3892,139.9977,734.5825,0.1021,0.4441,-0.1188,0.8822,1729.0000,1865.0000,1873.0000,,,,
0.3397,130,0,85.5963,109.1755,714.4944,83.3892,139.9977,734.5825,0.1021,0.4441,-0.1188,0.8822,1721.0000,1866.0000,1873.0000,,,,
0.3519,130,0,105.5555,134.8644,825.7266,108.4555,165.6291,845.8147,-0.0456,-0.0035,-0.0691,0.9966,1713.0000,1867.0000,1873.0000,,,,
0.3639,130,0,105.5555,134.8644,825.7266,108.4555,165.6291,845.8147,-0.0456,-0.0035,-0.0691,0.9966,1697.0000,1867.0000,1873.0000,,,,
0.3726,130,0,105.5555,134.8644,825.7266,108.4555,165.6291,845.8147,-0.0456,-0.0035,-0.0691,0.9966,1685.0000,1867.0000,1873.0000,,,,
0.3838,130,0,110.0605,137.0477,796.3924,119.8592,166.3540,816.4805,0.0534,0.2505,-0.0515,0.9653,1673.0000,1867.0000,1873.0000,,,,
0.3965,130,0,110.0605,137.0477,796.3924,119.8592,166.3540,816.4805,0.0534,0.2505,-0.0515,0.9653,1657.0000,1867.0000,1873.0000,,,,
0.4080,130,0,110.0605,137.0477,796.3924,119.8592,166.3540,816.4805,0.0534,0.2505,-0.0515,0.9653,1643.0000,1867.0000,1873.0000,,,,
0.4197,130,0,125.3042,151.8016,829.0590,135.0984,181.1095,849.1470,0.1735,-0.2220,-0.0495,0.9582,1630.0000,1867.0000,1873.0000,,,,
0.4319,130,0,125.3042,151.8016,829.0590,135.0984,181.1095,849.1470,0.1735,-0.2220,-0.0495,0.9582,1610.0000,1867.0000,1873.0000,,,,
0.4407,130,0,125.3042,151.8016,829.0590,135.0984,181.1095,849.1470,0.1735,-0.2220,-0.0495,0.9582,1599.0000,1867.0000,1873.0000,,,,
0.4518,130,0,125.3042,151.8016,829.0590,135.0984,181.1095,849.1470,0.1735,-0.2220,-0.0495,0.9582,1586.0000,1867.0000,1873.0000,,,,
0.4641,130,0,130.7492,154.9594,800.6050,125.5566,185.4211,820.6931,-0.0360,-0.0002,-0.0749,0.9965,1571.0000,1867.0000,1873.0000,,,,
0.4761,130,0,130.7492,154.9594,800.6050,125.5566,185.4211,820.6931,-0.0360,-0.0002,-0.0749,0.9965,1560.0000,1867.0000,1873.0000,,,,
0.4877,130,0,130.7492,154.9594,800.6050,125.5566,185.4211,820.6931,-0.0360,-0.0002,-0.0749,0.9965,1549.0000,1867.0000,1873.0000,,,,
0.4998,130,0,139.6478,163.4388,792.9929,143.0515,194.1519,813.0809,0.3698,-0.2926,0.0222,0.8816,1538.0000,1867.0000,1873.0000,,,,
0.5087,130,0,139.6478,163.4388,792.9929,143.0515,194.1519,813.0809,0.3698,-0.2926,0.0222,0.8816,1525.0000,1867.0000,1873.0000,,,,
0.5220,130,0,139.6478,163.4388,792.9929,143.0515,194.1519,813.0809,0.3698,-0.2926,0.0222,0.8816,1508.0000,1867.0000,1873.0000,,,,
0.5321,130,0,147.2274,167.8373,784.1014,149.8079,198.6304,804.1895,0.0913,0.1477,-0.0588,0.9830,1495.0000,1867.0000,1873.0000,,,,
0.5440,130,0,147.2274,167.8373,784.1014,149.8079,198.6304,804.1895,0.0913,0.1477,-0.0588,0.9830,1478.0000,1867.0000,1873.0000,,,,
0.5561,130,0,147.2274,167.8373,784.1014,149.8079,198.6304,804.1895,0.0913,0.1477,-0.0588,0.9830,1461.0000,1867.0000,1873.0000,,,,
0.5648,130,0,151.9870,166.8369,774.4706,154.9883,197.5919,794.5587,-0.0426,0.0111,-0.0735,0.9963,1449.0000,1867.0000,1873.0000,,,,
0.5760,130,0,151.9870,166.8369,774.4706,154.9883,197.5919,794.5587,-0.0426,0.0111,-0.0735,0.9963,1436.0000,1867.0000,1873.0000,,,,
0.5878,130,0,151.9870,166.8369,774.4706,154.9883,197.5919,794.5587,-0.0426,0.0111,-0.0735,0.9963,1421.0000,1867.0000,1874.0000,,,,
0.5998,130,0,155.1918,167.1745,773.0699,165.2930,196.3780,793.1580,0.0645,0.2675,-0.0514,0.9600,1407.0000,1867.0000,1874.0000,,,,
0.6118,130,0,155.1918,167.1745,773.0699,165.2930,196.3780,793.1580,0.0645,0.2675,-0.0514,0.9600,1392.0000,1867.0000,1874.0000,,,,
0.6240,130,0,155.1918,167.1745,773.0699,165.2930,196.3780,793.1580,0.0645,0.2675,-0.0514,0.9600,1375.0000,1867.0000,1874.0000,,,,
0.6325,130,0,155.1918,167.1745,773.0699,165.2930,196.3780,793.1580,0.0645,0.2675,-0.0514,0.9600,1365.0000,1867.0000,1874.0000,,,,
0.6440,130,0,159.7687,163.9579,759.7327,157.0335,194.7377,779.8207,0.1669,0.2178,-0.0559,0.9600,1352.0000,1867.0000,1874.0000,,,,
0.6561,130,0,159.7687,163.9579,759.7327,157.0335,194.7377,779.8207,0.1669,0.2178,-0.0559,0.9600,1343.0000,1867.0000,1874.0000,,,,
0.6679,130,0,159.7687,163.9579,759.7327,157.0335,194.7377,779.8207,0.1669,0.2178,-0.0559,0.9600,1334.0000,1867.0000,1874.0000,,,,
0.6800,130,0,178.1578,163.5656,760.3890,181.9980,194.2272,780.4771,0.0209,0.2369,-0.0428,0.9704,1323.0000,1867.0000,1874.0000,,,,
0.6886,130,0,178.1578,163.5656,760.3890,181.9980,194.2272,780.4771,0.0209,0.2369,-0.0428,0.9704,1307.0000,1867.0000,1874.0000,,,,
0.6999,130,0,178.1578,163.5656,760.3890,181.9980,194.2272,780.4771,0.0209,0.2369,-0.0428,0.9704,1289.0000,1867.0000,1874.0000,,,,
0.7120,130,0,188.7988,165.2710,756.1775,190.9376,196.0980,776.2656,-0.0765,0.0527,-0.0829,0.9922,1271.0000,1867.0000,1874.0000,,,,
0.7239,130,0,188.7988,165.2710,756.1775,190.9376,196.0980,776.2656,-0.0765,0.0527,-0.0829,0.9922,1251.0000,1867.0000,1874.0000,,,,
0.7360,130,0,188.7988,165.2710,756.1775,190.9376,196.0980,776.2656,-0.0765,0.0527,-0.0829,0.9922,1231.0000,1868.0000,1874.0000,,,,
0.7479,130,0,199.1960,163.0213,745.6624,195.0581,193.6441,765.7504,0.0554,0.1950,-0.0636,0.9772,1213.0000,1868.0000,1874.0000,,,,
0.7568,130,0,199.1960,163.0213,745.6624,195.0581,193.6441,765.7504,0.0554,0.1950,-0.0636,0.9772,1200.0000,1868.0000,1874.0000,,,,
0.7681,130,0,199.1960,163.0213,745.6624,195.0581,193.6441,765.7504,0.0554,0.1950,-0.0636,0.9772,1184.0000,1868.0000,1874.0000,,,,
0.7801,130,0,206.1210,160.5261,727.6528,209.0725,191.2859,747.7408,-0.0469,0.0334,-0.0707,0.9958,1166.0000,1868.0000,1874.0000,,,,
0.7921,130,0,206.1210,160.5261,727.6528,209.0725,191.2859,747.7408,-0.0469,0.0334,-0.0707,0.9958,1144.0000,1868.0000,1874.0000,,,,
0.8040,130,0,206.1210,160.5261,727.6528,209.0725,191.2859,747.7408,-0.0469,0.0334,-0.0707,0.9958,1126.0000,1868.0000,1874.0000,,,,
0.8159,130,0,212.5041,162.5901,718.6129,215.5985,193.3359,738.7010,-0.0466,0.0368,-0.0714,0.9957,1108.0000,1868.0000,1874.0000,,,,
0.8247,130,0,212.5041,162.5901,718.6129,215.5985,193.3359,738.7010,-0.0466,0.0368,-0.0714,0.9957,1091.0000,1868.0000,1874.0000,,,,
0.8362,130,0,212.5041,162.5901,718.6129,215.5985,193.3359,738.7010,-0.0466,0.0368,-0.0714,0.9957,1072.0000,1868.0000,1874.0000,,,,
0.8481,130,0,221.2099,163.4100,711.4418,224.1736,194.1687,731.5299,-0.0471,0.0401,-0.0693,0.9957,1054.0000,1868.0000,1874.0000,,,,
0.8600,130,0,221.2099,163.4100,711.4418,224.1736,194.1687,731.5299,-0.0471,0.0401,-0.0693,0.9957,1030.0000,1868.0000,1874.0000,,,,
0.8719,130,0,221.2099,163.4100,711.4418,224.1736,194.1687,731.5299,-0.0471,0.0401,-0.0693,0.9957,1011.0000,1868.0000,1874.0000,,,,
0.8807,130,0,221.2099,163.4100,711.4418,224.1736,194.1687,731.5299,-0.0471,0.0401,-0.0693,0.9957,997.0000,1868.0000,1874.0000,,,,
0.8919,130,0,222.8525,155.9232,675.4059,225.1165,186.7412,695.4940,0.2264,0.4372,-0.0394,0.8695,980.0000,1868.0000,1874.0000,,,,
0.9041,130,0,222.8525,155.9232,675.4059,225.1165,186.7412,695.4940,0.2264,0.4372,-0.0394,0.8695,964.0000,1868.0000,1874.0000,,,,
0.9159,130,0,222.8525,155.9232,675.4059,225.1165,186.7412,695.4940,0.2264,0.4372,-0.0394,0.8695,950.0000,1868.0000,1874.0000,,,,
0.9282,130,0,238.6659,167.6125,687.8504,241.1876,198.4105,707.9385,-0.0421,0.0485,-0.0591,0.9962,932.0000,1869.0000,1874.0000,,,,
0.9399,130,0,238.6659,167.6125,687.8504,241.1876,198.4105,707.9385,-0.0421,0.0485,-0.0591,0.9962,906.0000,1869.0000,1874.0000,,,,
0.9487,130,0,238.6659,167.6125,687.8504,241.1876,198.4105,707.9385,-0.0421,0.0485,-0.0591,0.9962,885.0000,1869.0000,1874.0000,,,,
0.9598,130,0,248.0167,176.9415,705.1179,238.5688,206.3628,725.2060,0.1043,0.3600,-0.0558,0.9254,863.0000,1869.0000,1874.0000,,,,
0.9734,130,0,248.0167,176.9415,705.1179,238.5688,206.3628,725.2060,0.1043,0.3600,-0.0558,0.9254,838.0000,1869.0000,1874.0000,,,,
0.9839,130,0,248.0167,176.9415,705.1179,238.5688,206.3628,725.2060,0.1043,0.3600,-0.0558,0.9254,818.0000,1869.0000,1874.0000,,,,
0.9962,130,0,245.3655,181.3617,702.2777,249.6104,211.9699,722.3658,-0.0455,0.0406,-0.0500,0.9969,796.0000,1869.0000,1874.0000,,,,
1.0080,130,0,245.3655,181.3617,702.2777,249.6104,211.9699,722.3658,-0.0455,0.0406,-0.0500,0.9969,766.0000,1869.0000,1874.0000,,,,
1.0168,130,0,245.3655,181.3617,702.2777,249.6104,211.9699,722.3658,-0.0455,0.0406,-0.0500,0.9969,750.0000,1870.0000,1874.0000,,,,
1.0278,130,0,245.3655,181.3617,702.2777,249.6104,211.9699,722.3658,-0.0455,0.0406,-0.0500,0.9969,726.0000,1870.0000,1874.0000,,,,
1.0400,130,0,233.5083,172.7678,662.6389,228.6267,203.2809,682.7269,-0.0385,0.2012,-0.0371,0.9781,702.0000,1870.0000,1874.0000,,,,
1.0520,130,0,233.5083,172.7678,662.6389,228.6267,203.2809,682.7269,-0.0385,0.2012,-0.0371,0.9781,698.0000,1870.0000,1874.0000,,,,
1.0643,130,0,233.5083,172.7678,662.6389,228.6267,203.2809,682.7269,-0.0385,0.2012,-0.0371,0.9781,692.0000,1870.0000,1874.0000,,,,
1.0731,130,0,236.5264,177.2791,668.5842,248.8401,205.6208,688.6722,0.1918,-0.3447,0.0439,0.9179,685.0000,1870.0000,1874.0000,,,,
1.0839,130,0,236.5264,177.2791,668.5842,248.8401,205.6208,688.6722,0.1918,-0.3447,0.0439,0.9179,663.0000,1870.0000,1874.0000,,,,
1.0958,130,0,236.5264,177.2791,668.5842,248.8401,205.6208,688.6722,0.1918,-0.3447,0.0439,0.9179,641.0000,1871.0000,1874.0000,,,,
1.1078,130,0,236.5264,177.2791,668.5842,248.8401,205.6208,688.6722,0.1918,-0.3447,0.0439,0.9179,621.0000,1871.0000,1874.0000,,,,
1.1199,130,0,224.3446,169.6165,634.6761,222.2718,200.4480,654.7642,0.2155,-0.2053,-0.0271,0.9543,602.0000,1871.0000,1874.0000,,,,
1.1324,130,0,224.3446,169.6165,634.6761,222.2718,200.4480,654.7642,0.2155,-0.2053,-0.0271,0.9543,604.0000,1871.0000,1874.0000,,,,
1.1412,130,0,224.3446,169.6165,634.6761,222.2718,200.4480,654.7642,0.2155,-0.2053,-0.0271,0.9543,603.0000,1871.0000,1874.0000,,,,
1.1520,130,0,230.8049,182.9515,655.7885,228.8442,213.7903,675.8766,-0.1456,0.3204,-0.0171,0.9359,599.0000,1871.0000,1874.0000,,,,
1.1641,130,0,230.8049,182.9515,655.7885,228.8442,213.7903,675.8766,-0.1456,0.3204,-0.0171,0.9359,581.0000,1871.0000,1875.0000,,,,
1.1764,130,0,230.8049,182.9515,655.7885,228.8442,213.7903,675.8766,-0.1456,0.3204,-0.0171,0.9359,565.0000,1871.0000,1875.0000,,,,
1.1879,130,0,230.8049,182.9515,655.7885,228.8442,213.7903,675.8766,-0.1456,0.3204,-0.0171,0.9359,550.0000,1872.0000,1875.0000,,,,
1.2000,130,0,233.6901,183.4074,649.6030,231.2102,214.2088,669.6910,-0.2999,-0.2706,-0.1386,0.9042,534.0000,1872.0000,1875.0000,,,,
1.2088,130,0,233.6901,183.4074,649.6030,231.2102,214.2088,669.6910,-0.2999,-0.2706,-0.1386,0.9042,521.0000,1872.0000,1875.0000,,,,
1.2199,130,0,233.6901,183.4074,649.6030,231.2102,214.2088,669.6910,-0.2999,-0.2706,-0.1386,0.9042,505.0000,1872.0000,1875.0000,,,,
1.2319,130,0,233.6901,183.4074,649.6030,231.2102,214.2088,669.6910,-0.2999,-0.2706,-0.1386,0.9042,486.0000,1872.0000,1875.0000,,,,
1.2440,130,0,217.1533,163.8201,611.8702,227.6992,192.8660,631.9583,0.1064,0.3849,-0.0097,0.9168,483.0000,1872.0000,1875.0000,,,,
1.2559,130,0,217.1533,163.8201,611.8702,227.6992,192.8660,631.9583,0.1064,0.3849,-0.0097,0.9168,482.0000,1872.0000,1875.0000,,,,
1.2657,130,0,217.1533,163.8201,611.8702,227.6992,192.8660,631.9583,0.1064,0.3849,-0.0097,0.9168,482.0000,1872.0000,1875.0000,,,,
1.2763,130,0,217.1533,163.8201,611.8702,227.6992,192.8660,631.9583,0.1064,0.3849,-0.0097,0.9168,479.0000,1872.0000,1875.0000,,,,
1.2878,130,0,207.3441,157.3531,596.2562,214.0927,187.5083,616.3443,0.0796,-0.4763,0.0263,0.8753,475.0000,1872.0000,1875.0000,,,,
1.3000,130,0,207.3441,157.3531,596.2562,214.0927,187.5083,616.3443,0.0796,-0.4763,0.0263,0.8753,475.0000,1872.0000,1876.0000,,,,
1.3120,130,0,207.3441,157.3531,596.2562,214.0927,187.5083,616.3443,0.0796,-0.4763,0.0263,0.8753,472.0000,1872.0000,1876.0000,,,,
1.3239,130,0,207.3441,157.3531,596.2562,214.0927,187.5083,616.3443,0.0796,-0.4763,0.0263,0.8753,471.0000,1872.0000,1876.0000,,,,
1.3327,130,0,208.0514,159.1532,619.4218,200.2715,189.0589,639.5099,-0.2071,-0.4619,-0.1982,0.8394,470.0000,1872.0000,1876.0000,,,,
1.3441,130,0,208.0514,159.1532,619.4218,200.2715,189.0589,639.5099,-0.2071,-0.4619,-0.1982,0.8394,468.0000,1872.0000,1876.0000,,,,
1.3560,130,0,208.0514,159.1532,619.4218,200.2715,189.0589,639.5099,-0.2071,-0.4619,-0.1982,0.8394,468.0000,1872.0000,1876.0000,,,,
1.3683,130,0,208.0514,159.1532,619.4218,200.2715,189.0589,639.5099,-0.2071,-0.4619,-0.1982,0.8394,468.0000,1872.0000,1876.0000,,,,
1.3801,130,0,185.5971,143.2792,599.6150,190.3456,173.8132,619.7031,-0.1328,-0.2487,-0.0983,0.9544,468.0000,1872.0000,1876.0000,,,,
1.3922,130,0,185.5971,143.2792,599.6150,190.3456,173.8132,619.7031,-0.1328,-0.2487,-0.0983,0.9544,472.0000,1872.0000,1876.0000,,,,
1.4009,130,0,185.5971,143.2792,599.6150,190.3456,173.8132,619.7031,-0.1328,-0.2487,-0.0983,0.9544,478.0000,1872.0000,1876.0000,,,,
1.4119,130,0,185.5971,143.2792,599.6150,190.3456,173.8132,619.7031,-0.1328,-0.2487,-0.0983,0.9544,483.0000,1872.0000,1877.0000,,,,
1.4238,130,0,166.4062,134.0631,603.9764,170.0791,164.7451,624.0645,-0.1974,-0.3021,-0.1288,0.9237,487.0000,1872.0000,1877.0000,,,,
1.4365,130,0,166.4062,134.0631,603.9764,170.0791,164.7451,624.0645,-0.1974,-0.3021,-0.1288,0.9237,513.0000,1872.0000,1877.0000,,,,
1.4479,130,0,166.4062,134.0631,603.9764,170.0791,164.7451,624.0645,-0.1974,-0.3021,-0.1288,0.9237,528.0000,1872.0000,1877.0000,,,,
1.4566,130,0,166.4062,134.0631,603.9764,170.0791,164.7451,624.0645,-0.1974,-0.3021,-0.1288,0.9237,536.0000,1872.0000,1877.0000,,,,
1.4679,130,0,139.7846,127.2617,590.6366,139.3382,158.1596,610.7247,0.3269,-0.3368,-0.0024,0.8830,547.0000,1872.0000,1877.0000,,,,
1.4800,130,0,139.7846,127.2617,590.6366,139.3382,158.1596,610.7247,0.3269,-0.3368,-0.0024,0.8830,586.0000,1872.0000,1877.0000,,,,
1.4920,130,0,139.7846,127.2617,590.6366,139.3382,158.1596,610.7247,0.3269,-0.3368,-0.0024,0.8830,614.0000,1872.0000,1877.0000,,,,
1.5038,130,0,139.7846,127.2617,590.6366,139.3382,158.1596,610.7247,0.3269,-0.3368,-0.0024,0.8830,635.0000,1872.0000,1877.0000,,,,
1.5163,130,0,112.1721,117.4658,579.0884,114.4947,148.2795,599.1765,-0.0588,-0.0068,-0.0654,0.9961,653.0000,1872.0000,1877.0000,,,,
1.5252,130,0,112.1721,117.4658,579.0884,114.4947,148.2795,599.1765,-0.0588,-0.0068,-0.0654,0.9961,687.0000,1872.0000,1877.0000,,,,
1.5358,130,0,112.1721,117.4658,579.0884,114.4947,148.2795,599.1765,-0.0588,-0.0068,-0.0654,0.9961,717.0000,1872.0000,1877.0000,,,,
1.5478,130,0,112.1721,117.4658,579.0884,114.4947,148.2795,599.1765,-0.0588,-0.0068,-0.0654,0.9961,742.0000,1872.0000,1877.0000,,,,
1.5600,130,0,80.8910,106.3629,552.0078,83.9813,137.1091,572.0959,0.3216,-0.2846,0.0661,0.9007,765.0000,1872.0000,1877.0000,,,,
1.5719,130,0,80.8910,106.3629,552.0078,83.9813,137.1091,572.0959,0.3216,-0.2846,0.0661,0.9007,815.0000,1872.0000,1877.0000,,,,
1.5807,130,0,80.8910,106.3629,552.0078,83.9813,137.1091,572.0959,0.3216,-0.2846,0.0661,0.9007,844.0000,1872.0000,1877.0000,,,,
1.5920,130,0,50.3043,94.9464,509.2967,53.5441,125.6772,529.3848,-0.0372,-0.1902,-0.0689,0.9786,883.0000,1872.0000,1877.0000,,,,
1.6039,130,0,50.3043,94.9464,509.2967,53.5441,125.6772,529.3848,-0.0372,-0.1902,-0.0689,0.9786,944.0000,1872.0000,1877.0000,,,,
1.6159,130,0,50.3043,94.9464,509.2967,53.5441,125.6772,529.3848,-0.0372,-0.1902,-0.0689,0.9786,998.0000,1872.0000,1877.0000,,,,
1.6279,130,0,50.3043,94.9464,509.2967,53.5441,125.6772,529.3848,-0.0372,-0.1902,-0.0689,0.9786,1037.0000,1872.0000,1877.0000,,,,
1.6400,130,0,31.2372,97.2006,531.7707,34.5666,127.9218,551.8588,-0.3434,-0.1994,-0.1303,0.9085,1069.0000,1865.0000,1877.0000,,,,
1.6488,130,0,31.2372,97.2006,531.7707,34.5666,127.9218,551.8588,-0.3434,-0.1994,-0.1303,0.9085,1101.0000,1837.0000,1877.0000,,,,
1.6599,130,0,31.2372,97.2006,531.7707,34.5666,127.9218,551.8588,-0.3434,-0.1994,-0.1303,0.9085,1136.0000,1804.0000,1877.0000,,,,
1.6719,130,1,1.5417,91.2179,520.6558,1.7866,122.1181,540.7439,-0.0795,-0.4632,-0.0867,0.8784,1246.0000,1743.0000,1877.0000,,,,
1.6841,130,1,1.5417,91.2179,520.6558,1.7866,122.1181,540.7439,-0.0795,-0.4632,-0.0867,0.8784,1660.0000,1553.0000,1877.0000,,,,
1.6961,130,1,1.5417,91.2179,520.6558,1.7866,122.1181,540.7439,-0.0795,-0.4632,-0.0867,0.8784,1864.0000,1402.0000,1877.0000,,,,
1.7079,130,1,1.5417,91.2179,520.6558,1.7866,122.1181,540.7439,-0.0795,-0.4632,-0.0867,0.8784,1866.0000,1283.0000,1877.0000,,,,
1.7167,130,1,-18.2942,85.3578,495.4176,-17.2478,116.2412,515.5056,-0.0165,-0.1035,-0.0527,0.9931,1866.0000,1160.0000,1877.0000,,,,
1.7278,130,1,-18.2942,85.3578,495.4176,-17.2478,116.2412,515.5056,-0.0165,-0.1035,-0.0527,0.9931,1870.0000,1011.0000,1877.0000,,,,
1.7398,130,1,-18.2942,85.3578,495.4176,-17.2478,116.2412,515.5056,-0.0165,-0.1035,-0.0527,0.9931,1873.0000,858.0000,1877.0000,,,,
1.7518,130,1,-18.2942,85.3578,495.4176,-17.2478,116.2412,515.5056,-0.0165,-0.1035,-0.0527,0.9931,1874.0000,729.0000,1877.0000,,,,
1.7639,130,0,-43.8297,85.5267,505.4098,-35.1288,115.1776,525.4979,-0.0753,-0.0745,-0.1180,0.9873,1876.0000,719.0000,1877.0000,,,,
1.7727,130,0,-43.8297,85.5267,505.4098,-35.1288,115.1776,525.4979,-0.0753,-0.0745,-0.1180,0.9873,1876.0000,800.0000,1877.0000,,,,
1.7838,130,0,-43.8297,85.5267,505.4098,-35.1288,115.1776,525.4979,-0.0753,-0.0745,-0.1180,0.9873,1877.0000,885.0000,1877.0000,,,,
1.7965,130,0,-35.2835,89.8502,482.4380,-29.8846,120.2760,502.5261,-0.0578,-0.0602,-0.1283,0.9882,1878.0000,967.0000,1877.0000,,,,
1.8080,130,0,-35.2835,89.8502,482.4380,-29.8846,120.2760,502.5261,-0.0578,-0.0602,-0.1283,0.9882,1878.0000,1022.0000,1877.0000,,,,
1.8200,130,0,-35.2835,89.8502,482.4380,-29.8846,120.2760,502.5261,-0.0578,-0.0602,-0.1283,0.9882,1878.0000,1070.0000,1877.0000,,,,
1.8320,130,0,-2.3555,87.4692,497.8786,2.8025,117.9368,517.9667,-0.0653,-0.0231,-0.1069,0.9919,1878.0000,1109.0000,1877.0000,,,,
1.8408,130,0,-2.3555,87.4692,497.8786,2.8025,117.9368,517.9667,-0.0653,-0.0231,-0.1069,0.9919,1851.0000,1166.0000,1877.0000,,,,
1.8520,130,0,-2.3555,87.4692,497.8786,2.8025,117.9368,517.9667,-0.0653,-0.0231,-0.1069,0.9919,1781.0000,1221.0000,1877.0000,,,,
1.8641,130,0,-2.3555,87.4692,497.8786,2.8025,117.9368,517.9667,-0.0653,-0.0231,-0.1069,0.9919,1723.0000,1266.0000,1877.0000,,,,
1.8760,130,0,-2.4871,94.4601,512.7891,8.1535,123.4715,532.8771,-0.1550,0.2520,-0.1524,0.9430,1675.0000,1302.0000,1877.0000,,,,
1.8879,130,0,-2.4871,94.4601,512.7891,8.1535,123.4715,532.8771,-0.1550,0.2520,-0.1524,0.9430,1625.0000,1334.0000,1877.0000,,,,
1.8999,130,0,-2.4871,94.4601,512.7891,8.1535,123.4715,532.8771,-0.1550,0.2520,-0.1524,0.9430,1584.0000,1360.0000,1877.0000,,,,
1.9086,130,0,-2.4871,94.4601,512.7891,8.1535,123.4715,532.8771,-0.1550,0.2520,-0.1524,0.9430,1562.0000,1373.0000,1877.0000,,,,
1.9197,130,0,-2.4871,94.4601,512.7891,8.1535,123.4715,532.8771,-0.1550,0.2520,-0.1524,0.9430,1535.0000,1388.0000,1877.0000,,,,
1.9326,130,0,-25.7236,94.6942,506.1549,-22.6261,125.4396,526.2430,0.1686,0.2357,-0.0631,0.9550,1515.0000,1397.0000,1877.0000,,,,
1.9440,130,0,-25.7236,94.6942,506.1549,-22.6261,125.4396,526.2430,0.1686,0.2357,-0.0631,0.9550,1531.0000,1364.0000,1877.0000,,,,
1.9559,130,0,-25.7236,94.6942,506.1549,-22.6261,125.4396,526.2430,0.1686,0.2357,-0.0631,0.9550,1542.0000,1338.0000,1877.0000,,,,
1.9646,130,0,-25.7236,94.6942,506.1549,-22.6261,125.4396,526.2430,0.1686,0.2357,-0.0631,0.9550,1550.0000,1321.0000,1877.0000,,,,
1.9760,130,0,-29.0917,96.5337,493.9868,-24.7860,127.1334,514.0748,-0.2507,-0.0098,-0.1240,0.9601,1558.0000,1302.0000,1877.0000,,,,
1.9880,130,0,-29.0917,96.5337,493.9868,-24.7860,127.1334,514.0748,-0.2507,-0.0098,-0.1240,0.9601,1565.0000,1281.0000,1877.0000,,,,
1.9999,130,0,-29.0917,96.5337,493.9868,-24.7860,127.1334,514.0748,-0.2507,-0.0098,-0.1240,0.9601,1570.0000,1264.0000,1877.0000,,,,
2.0119,130,0,-29.0917,96.5337,493.9868,-24.7860,127.1334,514.0748,-0.2507,-0.0098,-0.1240,0.9601,1574.0000,1250.0000,1877.0000,,,,
2.0239,130,0,-29.0917,96.5337,493.9868,-24.7860,127.1334,514.0748,-0.2507,-0.0098,-0.1240,0.9601,1577.0000,1238.0000,1877.0000,,,,
2.0326,130,0,-31.8163,96.1901,490.6617,-25.4938,126.4375,510.7497,-0.0546,-0.0472,-0.1303,0.9888,1579.0000,1230.0000,1877.0000,,,,
2.0441,130,0,-31.8163,96.1901,490.6617,-25.4938,126.4375,510.7497,-0.0546,-0.0472,-0.1303,0.9888,1581.0000,1220.0000,1877.0000,,,,
2.0560,130,0,-31.8163,96.1901,490.6617,-25.4938,126.4375,510.7497,-0.0546,-0.0472,-0.1303,0.9888,1583.0000,1212.0000,1877.0000,,,,
2.0681,130,0,-31.8163,96.1901,490.6617,-25.4938,126.4375,510.7497,-0.0546,-0.0472,-0.1303,0.9888,1584.0000,1204.0000,1877.0000,,,,
2.0800,130,0,-31.8163,96.1901,490.6617,-25.4938,126.4375,510.7497,-0.0546,-0.0472,-0.1303,0.9888,1585.0000,1197.0000,1877.0000,,,,
2.0919,130,0,-24.1205,93.7930,480.9136,-18.9940,124.2659,501.0017,-0.0779,-0.1736,-0.1274,0.9734,1584.0000,1192.0000,1877.0000,,,,
2.1006,130,0,-24.1205,93.7930,480.9136,-18.9940,124.2659,501.0017,-0.0779,-0.1736,-0.1274,0.9734,1579.0000,1196.0000,1877.0000,,,,
2.1121,130,0,-24.1205,93.7930,480.9136,-18.9940,124.2659,501.0017,-0.0779,-0.1736,-0.1274,0.9734,1573.0000,1200.0000,1877.0000,,,,
2.1241,130,0,-24.1205,93.7930,480.9136,-18.9940,124.2659,501.0017,-0.0779,-0.1736,-0.1274,0.9734,1567.0000,1202.0000,1877.0000,,,,
2.1360,130,0,-24.1205,93.7930,480.9136,-18.9940,124.2659,501.0017,-0.0779,-0.1736,-0.1274,0.9734,1563.0000,1203.0000,1877.0000,,,,
2.1478,130,1,-10.1330,90.1466,474.5423,-2.8108,120.1676,494.6303,-0.1967,-0.3804,-0.1845,0.8846,1553.0000,1211.0000,1877.0000,,,,
2.1569,130,1,-10.1330,90.1466,474.5423,-2.8108,120.1676,494.6303,-0.1967,-0.3804,-0.1845,0.8846,1534.0000,1230.0000,1877.0000,,,,
2.1685,130,1,-10.1330,90.1466,474.5423,-2.8108,120.1676,494.6303,-0.1967,-0.3804,-0.1845,0.8846,1515.0000,1247.0000,1877.0000,,,,
2.1801,130,1,-10.1330,90.1466,474.5423,-2.8108,120.1676,494.6303,-0.1967,-0.3804,-0.1845,0.8846,1498.0000,1263.0000,1877.0000,,,,
2.1921,130,1,-10.1330,90.1466,474.5423,-2.8108,120.1676,494.6303,-0.1967,-0.3804,-0.1845,0.8846,1484.0000,1274.0000,1877.0000,,,,
2.2040,130,0,7.8144,87.6819,467.4929,13.4470,118.0653,487.5810,-0.0657,-0.0346,-0.1230,0.9896,1490.0000,1307.0000,1877.0000,,,,
2.2160,130,0,7.8144,87.6819,467.4929,13.4470,118.0653,487.5810,-0.0657,-0.0346,-0.1230,0.9896,1459.0000,1337.0000,1877.0000,,,,
2.2249,130,0,7.8144,87.6819,467.4929,13.4470,118.0653,487.5810,-0.0657,-0.0346,-0.1230,0.9896,1439.0000,1356.0000,1877.0000,,,,
2.2363,130,0,7.8144,87.6819,467.4929,13.4470,118.0653,487.5810,-0.0657,-0.0346,-0.1230,0.9896,1420.0000,1374.0000,1877.0000,,,,
2.2482,130,0,7.8144,87.6819,467.4929,13.4470,118.0653,487.5810,-0.0657,-0.0346,-0.1230,0.9896,1403.0000,1388.0000,1877.0000,,,,
2.2600,130,0,25.7042,86.2099,456.7049,31.0850,116.6389,476.7930,0.1487,0.0023,-0.0859,0.9851,1383.0000,1406.0000,1877.0000,,,,
2.2720,130,0,25.7042,86.2099,456.7049,31.0850,116.6389,476.7930,0.1487,0.0023,-0.0859,0.9851,1350.0000,1440.0000,1877.0000,,,,
2.2839,130,0,25.7042,86.2099,456.7049,31.0850,116.6389,476.7930,0.1487,0.0023,-0.0859,0.9851,1321.0000,1470.0000,1877.0000,,,,
2.2925,130,0,25.7042,86.2099,456.7049,31.0850,116.6389,476.7930,0.1487,0.0023,-0.0859,0.9851,1304.0000,1485.0000,1877.0000,,,,
2.3046,130,0,25.7042,86.2099,456.7049,31.0850,116.6389,476.7930,0.1487,0.0023,-0.0859,0.9851,1285.0000,1503.0000,1877.0000,,,,
2.3165,130,0,44.7817,87.3479,444.0000,49.4702,117.8912,464.0881,-0.2579,0.1148,-0.0703,0.9567,1264.0000,1521.0000,1877.0000,,,,
2.3283,130,0,44.7817,87.3479,444.0000,49.4702,117.8912,464.0881,-0.2579,0.1148,-0.0703,0.9567,1223.0000,1559.0000,1877.0000,,,,
2.3399,130,0,44.7817,87.3479,444.0000,49.4702,117.8912,464.0881,-0.2579,0.1148,-0.0703,0.9567,1190.0000,1588.0000,1877.0000,,,,
2.3486,130,0,44.7817,87.3479,444.0000,49.4702,117.8912,464.0881,-0.2579,0.1148,-0.0703,0.9567,1169.0000,1606.0000,1877.0000,,,,
2.3599,130,0,44.7817,87.3479,444.0000,49.4702,117.8912,464.0881,-0.2579,0.1148,-0.0703,0.9567,1145.0000,1626.0000,1877.0000,,,,
2.3718,130,0,44.7817,87.3479,444.0000,49.4702,117.8912,464.0881,-0.2579,0.1148,-0.0703,0.9567,1122.0000,1644.0000,1877.0000,,,,
2.3839,130,0,57.0652,90.1112,428.4410,61.5910,120.6791,448.5291,-0.0963,0.0846,-0.0984,0.9869,1102.0000,1659.0000,1877.0000,,,,
2.3964,130,0,57.0652,90.1112,428.4410,61.5910,120.6791,448.5291,-0.0963,0.0846,-0.0984,0.9869,1062.0000,1690.0000,1877.0000,,,,
2.4079,130,0,57.0652,90.1112,428.4410,61.5910,120.6791,448.5291,-0.0963,0.0846,-0.0984,0.9869,1034.0000,1711.0000,1877.0000,,,,
2.4166,130,0,57.0652,90.1112,428.4410,61.5910,120.6791,448.5291,-0.0963,0.0846,-0.0984,0.9869,1015.0000,1725.0000,1877.0000,,,,
2.4278,130,0,57.0652,90.1112,428.4410,61.5910,120.6791,448.5291,-0.0963,0.0846,-0.0984,0.9869,995.0000,1736.0000,1877.0000,,,,
2.4417,130,1,69.9531,93.9675,411.0964,74.2055,124.5746,431.1844,-0.0681,0.0148,-0.0921,0.9933,1398.0000,1511.0000,1877.0000,,,,
2.4520,130,1,69.9531,93.9675,411.0964,74.2055,124.5746,431.1844,-0.0681,0.0148,-0.0921,0.9933,1676.0000,1355.0000,1877.0000,,,,
2.4643,130,1,69.9531,93.9675,411.0964,74.2055,124.5746,431.1844,-0.0681,0.0148,-0.0921,0.9933,1874.0000,1218.0000,1877.0000,,,,
2.4730,130,1,69.9531,93.9675,411.0964,74.2055,124.5746,431.1844,-0.0681,0.0148,-0.0921,0.9933,1874.0000,1150.0000,1877.0000,,,,
2.4838,130,1,69.9531,93.9675,411.0964,74.2055,124.5746,431.1844,-0.0681,0.0148,-0.0921,0.9933,1876.0000,1073.0000,1877.0000,,,,
2.4958,130,0,84.3481,95.8953,396.5835,88.2870,126.5443,416.6716,-0.0541,0.0280,-0.0795,0.9950,1876.0000,1112.0000,1877.0000,,,,
2.5079,130,0,84.3481,95.8953,396.5835,88.2870,126.5443,416.6716,-0.0541,0.0280,-0.0795,0.9950,1851.0000,1317.0000,1877.0000,,,,
2.5199,130,0,84.3481,95.8953,396.5835,88.2870,126.5443,416.6716,-0.0541,0.0280,-0.0795,0.9950,1601.0000,1465.0000,1877.0000,,,,
2.5320,130,0,84.3481,95.8953,396.5835,88.2870,126.5443,416.6716,-0.0541,0.0280,-0.0795,0.9950,1417.0000,1571.0000,1877.0000,,,,
2.5408,130,0,84.3481,95.8953,396.5835,88.2870,126.5443,416.6716,-0.0541,0.0280,-0.0795,0.9950,1298.0000,1638.0000,1877.0000,,,,
2.5520,130,1,92.5000,101.1561,384.6129,96.1804,131.8372,404.7010,-0.0520,0.0078,-0.0885,0.9947,1177.0000,1700.0000,1877.0000,,,,
2.5641,130,1,92.5000,101.1561,384.6129,96.1804,131.8372,404.7010,-0.0520,0.0078,-0.0885,0.9947,1062.0000,1756.0000,1877.0000,,,,
2.5760,130,1,92.5000,101.1561,384.6129,96.1804,131.8372,404.7010,-0.0520,0.0078,-0.0885,0.9947,976.0000,1794.0000,1877.0000,,,,
2.5878,130,1,92.5000,101.1561,384.6129,96.1804,131.8372,404.7010,-0.0520,0.0078,-0.0885,0.9947,895.0000,1830.0000,1877.0000,,,,
2.5999,130,1,92.5000,101.1561,384.6129,96.1804,131.8372,404.7010,-0.0520,0.0078,-0.0885,0.9947,827.0000,1861.0000,1877.0000,,,,
2.6085,130,1,92.5000,101.1561,384.6129,96.1804,131.8372,404.7010,-0.0520,0.0078,-0.0885,0.9947,783.0000,1864.0000,1877.0000,,,,
2.6199,130,0,126.1580,106.8222,370.4266,130.1391,137.4658,390.5147,0.0698,0.0645,-0.0885,0.9915,975.0000,1865.0000,1877.0000,,,,
2.6321,130,0,126.1580,106.8222,370.4266,130.1391,137.4658,390.5147,0.0698,0.0645,-0.0885,0.9915,799.0000,1865.0000,1877.0000,,,,
2.6441,130,0,126.1580,106.8222,370.4266,130.1391,137.4658,390.5147,0.0698,0.0645,-0.0885,0.9915,678.0000,1865.0000,1877.0000,,,,
2.6560,130,0,94.9043,93.8760,336.2333,97.4484,124.6722,356.3214,-0.0418,0.0173,-0.0765,0.9960,572.0000,1865.0000,1877.0000,,,,
2.6651,130,0,94.9043,93.8760,336.2333,97.4484,124.6722,356.3214,-0.0418,0.0173,-0.0765,0.9960,554.0000,1865.0000,1877.0000,,,,
2.6761,130,0,94.9043,93.8760,336.2333,97.4484,124.6722,356.3214,-0.0418,0.0173,-0.0765,0.9960,535.0000,1865.0000,1877.0000,,,,
2.6877,130,0,94.9043,93.8760,336.2333,97.4484,124.6722,356.3214,-0.0418,0.0173,-0.0765,0.9960,521.0000,1865.0000,1877.0000,,,,
2.6999,130,0,94.9043,93.8760,336.2333,97.4484,124.6722,356.3214,-0.0418,0.0173,-0.0765,0.9960,517.0000,1865.0000,1877.0000,,,,
2.7120,130,1,86.1490,93.4110,343.9985,89.1458,124.1664,364.0866,-0.0439,-0.0003,-0.0751,0.9962,516.0000,1866.0000,1877.0000,,,,
2.7239,130,1,86.1490,93.4110,343.9985,89.1458,124.1664,364.0866,-0.0439,-0.0003,-0.0751,0.9962,516.0000,1866.0000,1877.0000,,,,
2.7329,130,1,86.1490,93.4110,343.9985,89.1458,124.1664,364.0866,-0.0439,-0.0003,-0.0751,0.9962,516.0000,1866.0000,1877.0000,,,,
2.7440,130,1,86.1490,93.4110,343.9985,89.1458,124.1664,364.0866,-0.0439,-0.0003,-0.0751,0.9962,516.0000,1866.0000,1877.0000,,,,
2.7563,130,1,86.1490,93.4110,343.9985,89.1458,124.1664,364.0866,-0.0439,-0.0003,-0.0751,0.9962,516.0000,1866.0000,1877.0000,,,,
2.7682,130,0,81.9376,86.1977,331.9743,84.8138,116.9647,352.0623,-0.0438,-0.0039,-0.0719,0.9964,516.0000,1866.0000,1877.0000,,,,
2.7800,130,0,81.9376,86.1977,331.9743,84.8138,116.9647,352.0623,-0.0438,-0.0039,-0.0719,0.9964,516.0000,1866.0000,1877.0000,,,,
2.7921,130,0,81.9376,86.1977,331.9743,84.8138,116.9647,352.0623,-0.0438,-0.0039,-0.0719,0.9964,516.0000,1866.0000,1877.0000,,,,
2.8010,130,0,81.9376,86.1977,331.9743,84.8138,116.9647,352.0623,-0.0438,-0.0039,-0.0719,0.9964,516.0000,1866.0000,1877.0000,,,,
2.8119,130,0,81.9376,86.1977,331.9743,84.8138,116.9647,352.0623,-0.0438,-0.0039,-0.0719,0.9964,512.0000,1866.0000,1877.0000,,,,
2.8239,130,1,77.8556,80.2480,319.2106,80.5933,111.0275,339.2987,-0.0467,-0.0138,-0.0720,0.9962,511.0000,1866.0000,1877.0000,,,,
2.8374,130,1,77.8556,80.2480,319.2106,80.5933,111.0275,339.2987,-0.0467,-0.0138,-0.0720,0.9962,513.0000,1866.0000,1877.0000,,,,
2.8479,130,1,77.8556,80.2480,319.2106,80.5933,111.0275,339.2987,-0.0467,-0.0138,-0.0720,0.9962,516.0000,1867.0000,1877.0000,,,,
2.8567,130,1,77.8556,80.2480,319.2106,80.5933,111.0275,339.2987,-0.0467,-0.0138,-0.0720,0.9962,516.0000,1867.0000,1877.0000,,,,
2.8679,130,1,77.8556,80.2480,319.2106,80.5933,111.0275,339.2987,-0.0467,-0.0138,-0.0720,0.9962,516.0000,1867.0000,1877.0000,,,,
2.8798,130,0,81.3485,74.9407,309.0367,84.0394,105.7244,329.1248,-0.0299,-0.0222,-0.0686,0.9969,542.0000,1867.0000,1877.0000,,,,
2.8919,130,0,81.3485,74.9407,309.0367,84.0394,105.7244,329.1248,-0.0299,-0.0222,-0.0686,0.9969,541.0000,1867.0000,1877.0000,,,,
2.9042,130,0,81.3485,74.9407,309.0367,84.0394,105.7244,329.1248,-0.0299,-0.0222,-0.0686,0.9969,539.0000,1867.0000,1877.0000,,,,
2.9160,130,0,81.3485,74.9407,309.0367,84.0394,105.7244,329.1248,-0.0299,-0.0222,-0.0686,0.9969,537.0000,1867.0000,1877.0000,,,,
2.9248,130,0,81.3485,74.9407,309.0367,84.0394,105.7244,329.1248,-0.0299,-0.0222,-0.0686,0.9969,534.0000,1867.0000,1877.0000,,,,
2.9359,130,0,79.3625,64.7061,297.2654,81.3623,95.5424,317.3534,-0.0504,-0.0211,-0.0586,0.9968,533.0000,1867.0000,1877.0000,,,,
2.9487,130,0,79.3625,64.7061,297.2654,81.3623,95.5424,317.3534,-0.0504,-0.0211,-0.0586,0.9968,546.0000,1867.0000,1877.0000,,,,
2.9602,130,0,79.3625,64.7061,297.2654,81.3623,95.5424,317.3534,-0.0504,-0.0211,-0.0586,0.9968,553.0000,1867.0000,1877.0000,,,,
2.9720,130,0,79.3625,64.7061,297.2654,81.3623,95.5424,317.3534,-0.0504,-0.0211,-0.0586,0.9968,559.0000,1867.0000,1878.0000,,,,
2.9838,130,0,79.3625,64.7061,297.2654,81.3623,95.5424,317.3534,-0.0504,-0.0211,-0.0586,0.9968,563.0000,1867.0000,1878.0000,,,,
2.9925,130,1,78.5780,54.8092,285.9833,80.6175,85.6429,306.0714,-0.0657,-0.0407,-0.0579,0.9953,834.0000,1867.0000,1878.0000,,,,
3.0040,130,1,78.5780,54.8092,285.9833,80.6175,85.6429,306.0714,-0.0657,-0.0407,-0.0579,0.9953,1748.0000,1382.0000,1878.0000,,,,
3.0161,130,1,78.5780,54.8092,285.9833,80.6175,85.6429,306.0714,-0.0657,-0.0407,-0.0579,0.9953,1867.0000,945.0000,1878.0000,,,,
3.0279,130,1,78.5780,54.8092,285.9833,80.6175,85.6429,306.0714,-0.0657,-0.0407,-0.0579,0.9953,1869.0000,616.0000,1878.0000,,,,
3.0400,130,1,78.5780,54.8092,285.9833,80.6175,85.6429,306.0714,-0.0657,-0.0407,-0.0579,0.9953,1871.0000,478.0000,1827.0000,,,,
3.0488,130,1,75.8310,43.8089,276.9253,77.6410,74.6570,297.0133,-0.0602,-0.0285,-0.0533,0.9964,1875.0000,619.0000,1878.0000,,,,
3.0598,130,1,75.8310,43.8089,276.9253,77.6410,74.6570,297.0133,-0.0602,-0.0285,-0.0533,0.9964,1878.0000,974.0000,1877.0000,,,,
3.0720,130,1,75.8310,43.8089,276.9253,77.6410,74.6570,297.0133,-0.0602,-0.0285,-0.0533,0.9964,1881.0000,1271.0000,1877.0000,,,,
3.0839,130,1,75.8310,43.8089,276.9253,77.6410,74.6570,297.0133,-0.0602,-0.0285,-0.0533,0.9964,1773.0000,1493.0000,1877.0000,,,,
3.0959,130,1,75.8310,43.8089,276.9253,77.6410,74.6570,297.0133,-0.0602,-0.0285,-0.0533,0.9964,1579.0000,1638.0000,1877.0000,,,,
3.1081,130,1,69.3036,31.8230,267.3106,70.9327,62.6812,287.3987,-0.0675,-0.0328,-0.0524,0.9958,1433.0000,1752.0000,1877.0000,,,,
3.1169,130,1,69.3036,31.8230,267.3106,70.9327,62.6812,287.3987,-0.0675,-0.0328,-0.0524,0.9958,1353.0000,1809.0000,1877.0000,,,,
3.1277,130,1,69.3036,31.8230,267.3106,70.9327,62.6812,287.3987,-0.0675,-0.0328,-0.0524,0.9958,1266.0000,1859.0000,1877.0000,,,,
3.1397,130,1,69.3036,31.8230,267.3106,70.9327,62.6812,287.3987,-0.0675,-0.0328,-0.0524,0.9958,1194.0000,1862.0000,1877.0000,,,,
3.1520,130,1,118.0644,24.6079,269.0570,118.5489,55.5052,289.1451,-0.0717,0.0436,-0.0368,0.9958,1122.0000,1864.0000,1877.0000,,,,
3.1639,130,1,118.0644,24.6079,269.0570,118.5489,55.5052,289.1451,-0.0717,0.0436,-0.0368,0.9958,1012.0000,1867.0000,1878.0000,,,,
3.1761,130,1,118.0644,24.6079,269.0570,118.5489,55.5052,289.1451,-0.0717,0.0436,-0.0368,0.9958,904.0000,1869.0000,1878.0000,,,,
3.1851,130,0,75.8060,21.8736,239.1201,77.8147,52.7094,259.2082,-0.0706,0.0045,-0.0589,0.9958,1030.0000,1869.0000,1878.0000,,,,
3.1965,130,0,75.8060,21.8736,239.1201,77.8147,52.7094,259.2082,-0.0706,0.0045,-0.0589,0.9958,984.0000,1870.0000,1878.0000,,,,
3.2080,130,0,75.8060,21.8736,239.1201,77.8147,52.7094,259.2082,-0.0706,0.0045,-0.0589,0.9958,942.0000,1869.0000,1878.0000,,,,
3.2202,130,0,40.9234,9.2493,226.6012,45.1739,39.8566,246.6893,-0.0692,-0.0446,-0.0669,0.9944,913.0000,1869.0000,1878.0000,,,,
3.2321,130,0,40.9234,9.2493,226.6012,45.1739,39.8566,246.6893,-0.0692,-0.0446,-0.0669,0.9944,959.0000,1867.0000,1878.0000,,,,
3.2409,130,0,40.9234,9.2493,226.6012,45.1739,39.8566,246.6893,-0.0692,-0.0446,-0.0669,0.9944,995.0000,1867.0000,1878.0000,,,,
3.2520,130,0,40.9234,9.2493,226.6012,45.1739,39.8566,246.6893,-0.0692,-0.0446,-0.0669,0.9944,1027.0000,1866.0000,1878.0000,,,,
3.2640,130,1,31.7324,8.3670,234.6690,35.1647,39.0769,254.7570,-0.0819,-0.0763,-0.0733,0.9910,1071.0000,1866.0000,1878.0000,,,,
3.2764,130,1,31.7324,8.3670,234.6690,35.1647,39.0769,254.7570,-0.0819,-0.0763,-0.0733,0.9910,1109.0000,1866.0000,1878.0000,,,,
3.2884,130,1,31.7324,8.3670,234.6690,35.1647,39.0769,254.7570,-0.0819,-0.0763,-0.0733,0.9910,1136.0000,1867.0000,1878.0000,,,,
3.3000,130,1,34.8386,2.0937,232.6664,37.1714,32.9067,252.7544,-0.0814,-0.0725,-0.0588,0.9923,1156.0000,1867.0000,1878.0000,,,,
3.3090,130,1,34.8386,2.0937,232.6664,37.1714,32.9067,252.7544,-0.0814,-0.0725,-0.0588,0.9923,1171.0000,1867.0000,1878.0000,,,,
3.3203,130,1,34.8386,2.0937,232.6664,37.1714,32.9067,252.7544,-0.0814,-0.0725,-0.0588,0.9923,1187.0000,1867.0000,1878.0000,,,,
3.3322,130,1,34.8386,2.0937,232.6664,37.1714,32.9067,252.7544,-0.0814,-0.0725,-0.0588,0.9923,1198.0000,1867.0000,1878.0000,,,,
3.3440,130,1,34.4888,-4.2602,230.9466,37.5044,26.4934,251.0347,-0.0795,-0.0646,-0.0602,0.9929,1210.0000,1867.0000,1878.0000,,,,
3.3564,130,1,34.4888,-4.2602,230.9466,37.5044,26.4934,251.0347,-0.0795,-0.0646,-0.0602,0.9929,1226.0000,1867.0000,1878.0000,,,,
3.3652,130,1,34.4888,-4.2602,230.9466,37.5044,26.4934,251.0347,-0.0795,-0.0646,-0.0602,0.9929,1236.0000,1867.0000,1878.0000,,,,
3.3760,130,1,34.4888,-4.2602,230.9466,37.5044,26.4934,251.0347,-0.0795,-0.0646,-0.0602,0.9929,1247.0000,1867.0000,1877.0000,,,,
3.3881,130,1,33.9458,-10.9758,222.8000,37.0109,19.7729,242.8881,-0.0903,-0.0711,-0.0628,0.9914,1256.0000,1867.0000,1877.0000,,,,
3.4002,130,1,33.9458,-10.9758,222.8000,37.0109,19.7729,242.8881,-0.0903,-0.0711,-0.0628,0.9914,1272.0000,1867.0000,1877.0000,,,,
3.4122,130,1,33.9458,-10.9758,222.8000,37.0109,19.7729,242.8881,-0.0903,-0.0711,-0.0628,0.9914,1284.0000,1867.0000,1877.0000,,,,
3.4240,130,1,33.9458,-10.9758,222.8000,37.0109,19.7729,242.8881,-0.0903,-0.0711,-0.0628,0.9914,1295.0000,1867.0000,1877.0000,,,,
3.4328,130,1,35.6877,-18.3726,217.6931,38.8030,12.3711,237.7812,-0.0916,-0.0703,-0.0629,0.9913,1300.0000,1867.0000,1877.0000,,,,
3.4443,130,1,35.6877,-18.3726,217.6931,38.8030,12.3711,237.7812,-0.0916,-0.0703,-0.0629,0.9913,1312.0000,1867.0000,1877.0000,,,,
3.4561,130,1,35.6877,-18.3726,217.6931,38.8030,12.3711,237.7812,-0.0916,-0.0703,-0.0629,0.9913,1321.0000,1867.0000,1877.0000,,,,
3.4681,130,1,35.6877,-18.3726,217.6931,38.8030,12.3711,237.7812,-0.0916,-0.0703,-0.0629,0.9913,1328.0000,1867.0000,1877.0000,,,,
3.4802,130,1,38.8381,-25.6742,212.1254,42.0068,5.0640,232.2134,-0.0989,-0.0741,-0.0601,0.9905,1334.0000,1867.0000,1877.0000,,,,
3.4920,130,1,38.8381,-25.6742,212.1254,42.0068,5.0640,232.2134,-0.0989,-0.0741,-0.0601,0.9905,1338.0000,1867.0000,1877.0000,,,,
3.5010,130,1,38.8381,-25.6742,212.1254,42.0068,5.0640,232.2134,-0.0989,-0.0741,-0.0601,0.9905,1341.0000,1867.0000,1877.0000,,,,
3.5121,130,1,38.8381,-25.6742,212.1254,42.0068,5.0640,232.2134,-0.0989,-0.0741,-0.0601,0.9905,1344.0000,1867.0000,1877.0000,,,,
3.5242,130,1,41.4984,-32.3949,207.5473,44.8147,-1.6723,227.6354,-0.1000,-0.0719,-0.0604,0.9905,1344.0000,1867.0000,1877.0000,,,,
3.5361,130,1,41.4984,-32.3949,207.5473,44.8147,-1.6723,227.6354,-0.1000,-0.0719,-0.0604,0.9905,1344.0000,1867.0000,1877.0000,,,,
3.5484,130,1,41.4984,-32.3949,207.5473,44.8147,-1.6723,227.6354,-0.1000,-0.0719,-0.0604,0.9905,1344.0000,1867.0000,1877.0000,,,,
3.5572,130,1,44.1982,-39.5177,203.7581,47.2588,-8.7686,223.8461,-0.1103,-0.0753,-0.0575,0.9894,1344.0000,1867.0000,1877.0000,,,,
3.5681,130,1,44.1982,-39.5177,203.7581,47.2588,-8.7686,223.8461,-0.1103,-0.0753,-0.0575,0.9894,1348.0000,1867.0000,1858.0000,,,,
3.5801,130,1,44.1982,-39.5177,203.7581,47.2588,-8.7686,223.8461,-0.1103,-0.0753,-0.0575,0.9894,1351.0000,1867.0000,1837.0000,,,,
3.5922,130,1,44.1982,-39.5177,203.7581,47.2588,-8.7686,223.8461,-0.1103,-0.0753,-0.0575,0.9894,1353.0000,1867.0000,1822.0000,,,,
3.6042,130,1,46.3562,-44.3352,201.4054,49.5259,-13.5971,221.4935,-0.1095,-0.0726,-0.0541,0.9899,1357.0000,1867.0000,1802.0000,,,,
3.6162,130,1,46.3562,-44.3352,201.4054,49.5259,-13.5971,221.4935,-0.1095,-0.0726,-0.0541,0.9899,1359.0000,1867.0000,1785.0000,,,,
3.6251,130,1,46.3562,-44.3352,201.4054,49.5259,-13.5971,221.4935,-0.1095,-0.0726,-0.0541,0.9899,1360.0000,1867.0000,1775.0000,,,,
3.6361,130,1,46.3562,-44.3352,201.4054,49.5259,-13.5971,221.4935,-0.1095,-0.0726,-0.0541,0.9899,1362.0000,1867.0000,1764.0000,,,,
3.6483,130,1,46.3271,-50.2514,198.9734,49.6581,-19.5304,219.0615,-0.1127,-0.0738,-0.0539,0.9894,1370.0000,1867.0000,1741.0000,,,,
3.6601,130,1,46.3271,-50.2514,198.9734,49.6581,-19.5304,219.0615,-0.1127,-0.0738,-0.0539,0.9894,1377.0000,1867.0000,1721.0000,,,,
3.6721,130,1,46.3271,-50.2514,198.9734,49.6581,-19.5304,219.0615,-0.1127,-0.0738,-0.0539,0.9894,1383.0000,1867.0000,1705.0000,,,,
3.6843,130,1,45.3899,-56.0039,195.8504,48.6458,-25.2748,215.9385,-0.1079,-0.0721,-0.0509,0.9902,1397.0000,1867.0000,1686.0000,,,,
3.6933,130,1,45.3899,-56.0039,195.8504,48.6458,-25.2748,215.9385,-0.1079,-0.0721,-0.0509,0.9902,1407.0000,1867.0000,1673.0000,,,,
3.7046,130,1,45.3899,-56.0039,195.8504,48.6458,-25.2748,215.9385,-0.1079,-0.0721,-0.0509,0.9902,1417.0000,1867.0000,1660.0000,,,,
3.7162,130,1,43.5605,-60.0861,192.7392,46.8311,-29.3585,212.8273,-0.1220,-0.0817,-0.0487,0.9880,1427.0000,1867.0000,1644.0000,,,,
3.7281,130,1,43.5605,-60.0861,192.7392,46.8311,-29.3585,212.8273,-0.1220,-0.0817,-0.0487,0.9880,1439.0000,1867.0000,1624.0000,,,,
3.7402,130,1,43.5605,-60.0861,192.7392,46.8311,-29.3585,212.8273,-0.1220,-0.0817,-0.0487,0.9880,1451.0000,1867.0000,1604.0000,,,,
3.7522,130,1,42.0667,-65.1745,192.2900,45.3641,-34.4498,212.3781,-0.1138,-0.0761,-0.0498,0.9893,1462.0000,1867.0000,1590.0000,,,,
3.7612,130,1,42.0667,-65.1745,192.2900,45.3641,-34.4498,212.3781,-0.1138,-0.0761,-0.0498,0.9893,1475.0000,1867.0000,1579.0000,,,,
3.7722,130,1,42.0667,-65.1745,192.2900,45.3641,-34.4498,212.3781,-0.1138,-0.0761,-0.0498,0.9893,1489.0000,1867.0000,1567.0000,,,,
3.7844,130,1,42.0667,-65.1745,192.2900,45.3641,-34.4498,212.3781,-0.1138,-0.0761,-0.0498,0.9893,1502.0000,1867.0000,1556.0000,,,,
3.7966,130,1,41.0837,-70.3901,190.9786,44.5614,-39.6853,211.0667,-0.1192,-0.0798,-0.0498,0.9884,1526.0000,1867.0000,1533.0000,,,,
3.8086,130,1,41.0837,-70.3901,190.9786,44.5614,-39.6853,211.0667,-0.1192,-0.0798,-0.0498,0.9884,1545.0000,1867.0000,1515.0000,,,,
3.8176,130,1,41.0837,-70.3901,190.9786,44.5614,-39.6853,211.0667,-0.1192,-0.0798,-0.0498,0.9884,1555.0000,1867.0000,1505.0000,,,,
3.8284,130,1,38.2486,-76.0802,187.8359,41.8312,-45.3875,207.9240,-0.1240,-0.0871,-0.0490,0.9872,1584.0000,1867.0000,1475.0000,,,,
3.8404,130,1,38.2486,-76.0802,187.8359,41.8312,-45.3875,207.9240,-0.1240,-0.0871,-0.0490,0.9872,1606.0000,1867.0000,1452.0000,,,,
3.8524,130,1,38.2486,-76.0802,187.8359,41.8312,-45.3875,207.9240,-0.1240,-0.0871,-0.0490,0.9872,1624.0000,1867.0000,1432.0000,,,,
3.8642,130,1,37.6898,-83.7327,190.6071,41.1253,-53.0232,210.6951,0.0439,0.0609,-0.0897,0.9931,1652.0000,1867.0000,1405.0000,,,,
3.8765,130,1,37.6898,-83.7327,190.6071,41.1253,-53.0232,210.6951,0.0439,0.0609,-0.0897,0.9931,1673.0000,1867.0000,1383.0000,,,,
3.8855,130,1,37.6898,-83.7327,190.6071,41.1253,-53.0232,210.6951,0.0439,0.0609,-0.0897,0.9931,1684.0000,1867.0000,1371.0000,,,,
3.8963,130,1,36.4591,-89.6125,190.0414,40.1967,-58.9383,210.1295,-0.1237,-0.0859,-0.0480,0.9874,1705.0000,1867.0000,1344.0000,,,,
3.9084,130,1,36.4591,-89.6125,190.0414,40.1967,-58.9383,210.1295,-0.1237,-0.0859,-0.0480,0.9874,1723.0000,1867.0000,1320.0000,,,,
3.9218,130,1,36.4591,-89.6125,190.0414,40.1967,-58.9383,210.1295,-0.1237,-0.0859,-0.0480,0.9874,1738.0000,1867.0000,1300.0000,,,,
3.9322,130,1,36.1463,-94.8954,191.1633,39.6046,-64.1884,211.2514,-0.0098,-0.0934,-0.0146,0.9955,1754.0000,1867.0000,1275.0000,,,,
3.9412,130,1,36.1463,-94.8954,191.1633,39.6046,-64.1884,211.2514,-0.0098,-0.0934,-0.0146,0.9955,1766.0000,1867.0000,1258.0000,,,,
3.9523,130,1,36.1463,-94.8954,191.1633,39.6046,-64.1884,211.2514,-0.0098,-0.0934,-0.0146,0.9955,1774.0000,1867.0000,1241.0000,,,,
3.9643,130,1,35.0794,-98.1318,188.9145,38.5396,-67.4250,209.0026,-0.0236,-0.1130,-0.0101,0.9933,1800.0000,1867.0000,1217.0000,,,,
3.9764,130,1,35.0794,-98.1318,188.9145,38.5396,-67.4250,209.0026,-0.0236,-0.1130,-0.0101,0.9933,1815.0000,1867.0000,1200.0000,,,,
3.9882,130,1,35.0794,-98.1318,188.9145,38.5396,-67.4250,209.0026,-0.0236,-0.1130,-0.0101,0.9933,1827.0000,1867.0000,1185.0000,,,,
4.0003,130,1,34.0526,-101.7743,191.0604,37.7545,-71.0957,211.1484,-0.0078,-0.1053,-0.0109,0.9944,1849.0000,1867.0000,1160.0000,,,,
4.0093,130,1,34.0526,-101.7743,191.0604,37.7545,-71.0957,211.1484,-0.0078,-0.1053,-0.0109,0.9944,1859.0000,1867.0000,1147.0000,,,,
4.0207,130,1,34.0526,-101.7743,191.0604,37.7545,-71.0957,211.1484,-0.0078,-0.1053,-0.0109,0.9944,1871.0000,1867.0000,1131.0000,,,,
4.0324,130,1,33.7650,-104.5677,191.3168,37.2502,-73.8637,211.4048,-0.1151,-0.0922,-0.0431,0.9881,1880.0000,1867.0000,1109.0000,,,,
4.0443,130,1,33.7650,-104.5677,191.3168,37.2502,-73.8637,211.4048,-0.1151,-0.0922,-0.0431,0.9881,1881.0000,1867.0000,1093.0000,,,,
4.0562,130,1,32.5340,-105.7996,191.2700,35.7621,-75.0676,211.3581,-0.1134,-0.0919,-0.0393,0.9885,1881.0000,1867.0000,1079.0000,,,,
4.0681,130,1,32.5340,-105.7996,191.2700,35.7621,-75.0676,211.3581,-0.1134,-0.0919,-0.0393,0.9885,1881.0000,1867.0000,1063.0000,,,,
4.0770,130,1,32.5340,-105.7996,191.2700,35.7621,-75.0676,211.3581,-0.1134,-0.0919,-0.0393,0.9885,1882.0000,1867.0000,1054.0000,,,,
4.0882,130,1,32.5340,-105.7996,191.2700,35.7621,-75.0676,211.3581,-0.1134,-0.0919,-0.0393,0.9885,1882.0000,1867.0000,1043.0000,,,,
4.1003,130,1,32.2657,-107.8102,191.3206,35.4748,-77.0762,211.4087,-0.1117,-0.0922,-0.0369,0.9888,1882.0000,1867.0000,1030.0000,,,,
4.1122,130,1,32.2657,-107.8102,191.3206,35.4748,-77.0762,211.4087,-0.1117,-0.0922,-0.0369,0.9888,1883.0000,1867.0000,1019.0000,,,,
4.1243,130,1,28.3014,-105.9221,190.0272,31.3924,-75.1760,210.1153,-0.1076,-0.0994,-0.0325,0.9887,1883.0000,1867.0000,1010.0000,,,,
4.1342,130,1,28.3014,-105.9221,190.0272,31.3924,-75.1760,210.1153,-0.1076,-0.0994,-0.0325,0.9887,1883.0000,1867.0000,1007.0000,,,,
4.1440,130,1,28.3014,-105.9221,190.0272,31.3924,-75.1760,210.1153,-0.1076,-0.0994,-0.0325,0.9887,1883.0000,1867.0000,1004.0000,,,,
4.1565,130,1,26.6502,-104.4737,190.7843,29.5345,-73.7075,210.8724,-0.0985,-0.1018,-0.0279,0.9895,1883.0000,1867.0000,999.0000,,,,
4.1687,130,1,26.6502,-104.4737,190.7843,29.5345,-73.7075,210.8724,-0.0985,-0.1018,-0.0279,0.9895,1883.0000,1867.0000,995.0000,,,,
4.1803,130,1,26.6502,-104.4737,190.7843,29.5345,-73.7075,210.8724,-0.0985,-0.1018,-0.0279,0.9895,1883.0000,1867.0000,991.0000,,,,
4.1924,130,1,25.2841,-102.4260,190.4165,28.1475,-71.6578,210.5046,-0.0453,-0.0306,-0.0445,0.9975,1883.0000,1867.0000,991.0000,,,,
4.2015,130,1,25.2841,-102.4260,190.4165,28.1475,-71.6578,210.5046,-0.0453,-0.0306,-0.0445,0.9975,1883.0000,1867.0000,994.0000,,,,
4.2123,130,1,25.2841,-102.4260,190.4165,28.1475,-71.6578,210.5046,-0.0453,-0.0306,-0.0445,0.9975,1883.0000,1867.0000,997.0000,,,,
4.2243,130,1,23.1521,-100.7008,188.8828,25.6299,-69.8992,208.9708,-0.0905,-0.1045,-0.0256,0.9901,1884.0000,1867.0000,1001.0000,,,,
4.2366,130,1,23.1521,-100.7008,188.8828,25.6299,-69.8992,208.9708,-0.0905,-0.1045,-0.0256,0.9901,1884.0000,1867.0000,1007.0000,,,,
4.2486,130,1,23.1521,-100.7008,188.8828,25.6299,-69.8992,208.9708,-0.0905,-0.1045,-0.0256,0.9901,1884.0000,1867.0000,1012.0000,,,,
4.2576,130,1,19.8664,-96.8269,188.7129,22.3099,-66.0226,208.8010,-0.0750,-0.1062,-0.0275,0.9911,1884.0000,1867.0000,1015.0000,,,,
4.2682,130,1,19.8664,-96.8269,188.7129,22.3099,-66.0226,208.8010,-0.0750,-0.1062,-0.0275,0.9911,1885.0000,1867.0000,1017.0000,,,,
4.2802,130,1,19.8664,-96.8269,188.7129,22.3099,-66.0226,208.8010,-0.0750,-0.1062,-0.0275,0.9911,1885.0000,1867.0000,1019.0000,,,,
4.2922,130,1,17.2927,-89.6006,186.5865,20.3213,-58.8483,206.6745,-0.0674,-0.1123,-0.0305,0.9909,1885.0000,1867.0000,1035.0000,,,,
4.3048,130,1,17.2927,-89.6006,186.5865,20.3213,-58.8483,206.6745,-0.0674,-0.1123,-0.0305,0.9909,1885.0000,1867.0000,1056.0000,,,,
4.3165,130,1,17.2927,-89.6006,186.5865,20.3213,-58.8483,206.6745,-0.0674,-0.1123,-0.0305,0.9909,1885.0000,1867.0000,1069.0000,,,,
4.3256,130,1,15.7509,-82.9202,187.5836,18.9810,-52.1883,207.6717,-0.0775,-0.1286,-0.0273,0.9883,1885.0000,1867.0000,1097.0000,,,,
4.3363,130,1,15.7509,-82.9202,187.5836,18.9810,-52.1883,207.6717,-0.0775,-0.1286,-0.0273,0.9883,1885.0000,1867.0000,1115.0000,,,,
4.3483,130,1,15.7509,-82.9202,187.5836,18.9810,-52.1883,207.6717,-0.0775,-0.1286,-0.0273,0.9883,1885.0000,1867.0000,1137.0000,,,,
4.3604,130,1,13.6014,-75.1266,183.1723,16.6594,-44.3772,203.2604,-0.0520,-0.1129,-0.0346,0.9916,1885.0000,1867.0000,1165.0000,,,,
4.3724,130,1,13.6014,-75.1266,183.1723,16.6594,-44.3772,203.2604,-0.0520,-0.1129,-0.0346,0.9916,1886.0000,1867.0000,1189.0000,,,,
4.3842,130,1,12.6967,-66.4716,181.0141,16.0647,-35.7546,201.1022,-0.0400,-0.1080,-0.0405,0.9925,1886.0000,1867.0000,1208.0000,,,,
4.3933,130,1,12.6967,-66.4716,181.0141,16.0647,-35.7546,201.1022,-0.0400,-0.1080,-0.0405,0.9925,1886.0000,1867.0000,1242.0000,,,,
4.4043,130,1,12.6967,-66.4716,181.0141,16.0647,-35.7546,201.1022,-0.0400,-0.1080,-0.0405,0.9925,1886.0000,1867.0000,1275.0000,,,,
4.4162,130,1,12.6967,-66.4716,181.0141,16.0647,-35.7546,201.1022,-0.0400,-0.1080,-0.0405,0.9925,1886.0000,1867.0000,1303.0000,,,,
4.4281,130,1,13.1857,-62.0448,185.9022,16.9790,-31.3774,205.9903,-0.0026,-0.0472,-0.0356,0.9982,1886.0000,1867.0000,1338.0000,,,,
4.4404,130,1,13.1857,-62.0448,185.9022,16.9790,-31.3774,205.9903,-0.0026,-0.0472,-0.0356,0.9982,1886.0000,1867.0000,1363.0000,,,,
4.4497,130,1,13.8946,-47.6648,174.9273,17.0981,-16.9302,195.0154,-0.0276,-0.1070,-0.0415,0.9930,1886.0000,1867.0000,1384.0000,,,,
4.4603,130,1,13.8946,-47.6648,174.9273,17.0981,-16.9302,195.0154,-0.0276,-0.1070,-0.0415,0.9930,1886.0000,1867.0000,1425.0000,,,,
4.4721,130,1,13.8946,-47.6648,174.9273,17.0981,-16.9302,195.0154,-0.0276,-0.1070,-0.0415,0.9930,1886.0000,1867.0000,1464.0000,,,,
4.4842,130,1,14.9779,-41.7998,173.6037,18.2706,-11.0746,193.6918,-0.0197,-0.1036,-0.0447,0.9934,1886.0000,1867.0000,1501.0000,,,,
4.4962,130,1,14.9779,-41.7998,173.6037,18.2706,-11.0746,193.6918,-0.0197,-0.1036,-0.0447,0.9934,1870.0000,1867.0000,1548.0000,,,,
4.5083,130,1,14.9779,-41.7998,173.6037,18.2706,-11.0746,193.6918,-0.0197,-0.1036,-0.0447,0.9934,1852.0000,1867.0000,1585.0000,,,,
4.5172,130,1,17.0234,-32.7128,170.7233,20.4129,-1.9981,190.8114,-0.0139,-0.1008,-0.0473,0.9937,1838.0000,1867.0000,1609.0000,,,,
4.5280,130,1,17.0234,-32.7128,170.7233,20.4129,-1.9981,190.8114,-0.0139,-0.1008,-0.0473,0.9937,1802.0000,1867.0000,1647.0000,,,,
4.5401,130,1,17.0234,-32.7128,170.7233,20.4129,-1.9981,190.8114,-0.0139,-0.1008,-0.0473,0.9937,1767.0000,1867.0000,1683.0000,,,,
4.5523,130,1,19.4095,-23.9741,168.1148,23.0167,6.7158,188.2029,-0.0034,-0.0947,-0.0506,0.9942,1736.0000,1867.0000,1715.0000,,,,
4.5643,130,1,19.4095,-23.9741,168.1148,23.0167,6.7158,188.2029,-0.0034,-0.0947,-0.0506,0.9942,1690.0000,1867.0000,1758.0000,,,,
4.5763,130,1,19.4095,-23.9741,168.1148,23.0167,6.7158,188.2029,-0.0034,-0.0947,-0.0506,0.9942,1657.0000,1867.0000,1789.0000,,,,
4.5853,130,1,23.0797,-15.6020,165.5120,26.6276,15.0948,185.6001,-0.0074,-0.0976,-0.0525,0.9938,1635.0000,1867.0000,1810.0000,,,,
4.5967,130,1,23.0797,-15.6020,165.5120,26.6276,15.0948,185.6001,-0.0074,-0.0976,-0.0525,0.9938,1590.0000,1867.0000,1851.0000,,,,
4.6082,130,1,23.0797,-15.6020,165.5120,26.6276,15.0948,185.6001,-0.0074,-0.0976,-0.0525,0.9938,1558.0000,1867.0000,1868.0000,,,,
4.6203,130,1,27.6272,-7.4845,162.4146,30.9891,23.2332,182.5027,0.0003,-0.0916,-0.0519,0.9944,1528.0000,1867.0000,1869.0000,,,,
4.6322,130,1,27.6272,-7.4845,162.4146,30.9891,23.2332,182.5027,0.0003,-0.0916,-0.0519,0.9944,1484.0000,1867.0000,1869.0000,,,,
4.6412,130,1,27.6272,-7.4845,162.4146,30.9891,23.2332,182.5027,0.0003,-0.0916,-0.0519,0.9944,1458.0000,1867.0000,1869.0000,,,,
4.6523,130,1,27.6272,-7.4845,162.4146,30.9891,23.2332,182.5027,0.0003,-0.0916,-0.0519,0.9944,1428.0000,1867.0000,1869.0000,,,,
4.6642,130,1,31.4688,-1.6277,158.7889,34.4603,29.1283,178.8770,0.0009,-0.0891,-0.0525,0.9946,1378.0000,1867.0000,1870.0000,,,,
4.6765,130,1,31.4688,-1.6277,158.7889,34.4603,29.1283,178.8770,0.0009,-0.0891,-0.0525,0.9946,1334.0000,1867.0000,1870.0000,,,,
4.6884,130,1,33.3304,2.8426,153.9923,36.1154,33.6180,174.0804,-0.0049,-0.0892,-0.0545,0.9945,1296.0000,1867.0000,1870.0000,,,,
4.7003,130,1,33.3304,2.8426,153.9923,36.1154,33.6180,174.0804,-0.0049,-0.0892,-0.0545,0.9945,1256.0000,1867.0000,1870.0000,,,,
4.7094,130,1,33.3304,2.8426,153.9923,36.1154,33.6180,174.0804,-0.0049,-0.0892,-0.0545,0.9945,1229.0000,1867.0000,1870.0000,,,,
4.7202,130,1,33.3304,2.8426,153.9923,36.1154,33.6180,174.0804,-0.0049,-0.0892,-0.0545,0.9945,1202.0000,1867.0000,1870.0000,,,,
4.7322,130,1,34.1947,5.5287,151.5099,37.0736,36.2954,171.5980,-0.0040,-0.0902,-0.0545,0.9944,1178.0000,1867.0000,1870.0000,,,,
4.7443,130,1,34.1947,5.5287,151.5099,37.0736,36.2954,171.5980,-0.0040,-0.0902,-0.0545,0.9944,1152.0000,1867.0000,1870.0000,,,,
4.7564,130,1,36.0785,11.8446,147.5874,38.7407,42.6308,167.6755,-0.0034,-0.0939,-0.0519,0.9942,1130.0000,1867.0000,1871.0000,,,,
4.7687,130,1,36.0785,11.8446,147.5874,38.7407,42.6308,167.6755,-0.0034,-0.0939,-0.0519,0.9942,1096.0000,1867.0000,1871.0000,,,,
4.7777,130,1,36.0785,11.8446,147.5874,38.7407,42.6308,167.6755,-0.0034,-0.0939,-0.0519,0.9942,1071.0000,1867.0000,1871.0000,,,,
4.7882,130,1,36.0785,11.8446,147.5874,38.7407,42.6308,167.6755,-0.0034,-0.0939,-0.0519,0.9942,1049.0000,1867.0000,1871.0000,,,,
4.8003,130,1,37.0782,13.5615,147.1899,39.4097,44.3746,167.2780,-0.0146,-0.0849,-0.0625,0.9943,1019.0000,1867.0000,1871.0000,,,,
4.8124,130,1,37.0782,13.5615,147.1899,39.4097,44.3746,167.2780,-0.0146,-0.0849,-0.0625,0.9943,995.0000,1867.0000,1871.0000,,,,
4.8244,130,1,37.9786,13.7727,141.1655,40.3144,44.5854,161.2535,-0.0116,-0.0980,-0.0496,0.9939,975.0000,1867.0000,1871.0000,,,,
4.8334,130,1,37.9786,13.7727,141.1655,40.3144,44.5854,161.2535,-0.0116,-0.0980,-0.0496,0.9939,955.0000,1867.0000,1871.0000,,,,
4.8442,130,1,37.9786,13.7727,141.1655,40.3144,44.5854,161.2535,-0.0116,-0.0980,-0.0496,0.9939,937.0000,1867.0000,1872.0000,,,,
4.8564,130,1,38.5675,14.7769,140.3356,40.7765,45.5989,160.4237,-0.0109,-0.0987,-0.0490,0.9939,920.0000,1867.0000,1872.0000,,,,
4.8697,130,1,38.5675,14.7769,140.3356,40.7765,45.5989,160.4237,-0.0109,-0.0987,-0.0490,0.9939,908.0000,1867.0000,1872.0000,,,,
4.8804,130,1,38.5675,14.7769,140.3356,40.7765,45.5989,160.4237,-0.0109,-0.0987,-0.0490,0.9939,901.0000,1867.0000,1872.0000,,,,
4.8922,130,1,39.3927,14.4647,138.0627,41.1922,45.3133,158.1508,-0.0083,-0.0962,-0.0432,0.9944,891.0000,1867.0000,1872.0000,,,,
4.9013,130,1,39.3927,14.4647,138.0627,41.1922,45.3133,158.1508,-0.0083,-0.0962,-0.0432,0.9944,884.0000,1867.0000,1872.0000,,,,
4.9123,130,1,39.3927,14.4647,138.0627,41.1922,45.3133,158.1508,-0.0083,-0.0962,-0.0432,0.9944,876.0000,1867.0000,1873.0000,,,,
4.9242,130,1,37.6364,10.7665,135.7439,39.7093,41.5980,155.8319,-0.0159,-0.1009,-0.0436,0.9938,874.0000,1867.0000,1873.0000,,,,
4.9362,130,1,37.6364,10.7665,135.7439,39.7093,41.5980,155.8319,-0.0159,-0.1009,-0.0436,0.9938,876.0000,1867.0000,1873.0000,,,,
4.9484,130,1,34.2132,4.8813,134.2039,36.6611,35.6853,154.2920,-0.0227,-0.1060,-0.0433,0.9932,883.0000,1867.0000,1873.0000,,,,
4.9574,130,1,34.2132,4.8813,134.2039,36.6611,35.6853,154.2920,-0.0227,-0.1060,-0.0433,0.9932,898.0000,1867.0000,1873.0000,,,,
4.9683,130,1,34.2132,4.8813,134.2039,36.6611,35.6853,154.2920,-0.0227,-0.1060,-0.0433,0.9932,911.0000,1867.0000,1873.0000,,,,
4.9803,130,1,31.7744,0.7360,133.1909,34.4033,31.5251,153.2790,-0.0268,-0.1107,-0.0426,0.9926,930.0000,1867.0000,1873.0000,,,,
4.9924,130,1,31.7744,0.7360,133.1909,34.4033,31.5251,153.2790,-0.0268,-0.1107,-0.0426,0.9926,956.0000,1867.0000,1873.0000,,,,
5.0043,130,1,27.4918,-6.4532,130.6554,30.5569,24.2956,150.7435,-0.0409,-0.1204,-0.0444,0.9909,980.0000,1867.0000,1873.0000,,,,
5.0162,130,1,27.4918,-6.4532,130.6554,30.5569,24.2956,150.7435,-0.0409,-0.1204,-0.0444,0.9909,1021.0000,1867.0000,1873.0000,,,,
5.0252,130,1,27.4918,-6.4532,130.6554,30.5569,24.2956,150.7435,-0.0409,-0.1204,-0.0444,0.9909,1046.0000,1867.0000,1873.0000,,,,
5.0363,130,1,24.7814,-10.7321,130.6081,27.8625,20.0150,150.6961,-0.0405,-0.1193,-0.0444,0.9910,1080.0000,1867.0000,1873.0000,,,,
5.0484,130,1,24.7814,-10.7321,130.6081,27.8625,20.0150,150.6961,-0.0405,-0.1193,-0.0444,0.9910,1124.0000,1867.0000,1873.0000,,,,
5.0602,130,1,24.7814,-10.7321,130.6081,27.8625,20.0150,150.6961,-0.0405,-0.1193,-0.0444,0.9910,1156.0000,1867.0000,1873.0000,,,,
5.0723,130,1,20.0618,-16.9505,127.6636,23.5081,13.7578,147.7517,-0.0488,-0.1321,-0.0447,0.9890,1204.0000,1867.0000,1873.0000,,,,
5.0842,130,1,20.0618,-16.9505,127.6636,23.5081,13.7578,147.7517,-0.0488,-0.1321,-0.0447,0.9890,1242.0000,1867.0000,1873.0000,,,,
5.0931,130,1,16.9977,-25.0233,131.3434,20.6939,5.6559,151.4315,-0.0540,-0.1307,-0.0470,0.9888,1276.0000,1867.0000,1873.0000,,,,
5.1043,130,1,16.9977,-25.0233,131.3434,20.6939,5.6559,151.4315,-0.0540,-0.1307,-0.0470,0.9888,1325.0000,1867.0000,1873.0000,,,,
5.1164,130,1,16.9977,-25.0233,131.3434,20.6939,5.6559,151.4315,-0.0540,-0.1307,-0.0470,0.9888,1364.0000,1867.0000,1873.0000,,,,
5.1283,130,1,14.3213,-28.4496,124.7301,17.9040,2.2431,144.8182,-0.0550,-0.1375,-0.0439,0.9880,1409.0000,1867.0000,1873.0000,,,,
5.1403,130,1,14.3213,-28.4496,124.7301,17.9040,2.2431,144.8182,-0.0550,-0.1375,-0.0439,0.9880,1444.0000,1867.0000,1873.0000,,,,
5.1493,130,1,11.0679,-34.6516,122.8752,14.8995,-3.9890,142.9632,-0.0627,-0.1480,-0.0444,0.9860,1475.0000,1867.0000,1873.0000,,,,
5.1602,130,1,11.0679,-34.6516,122.8752,14.8995,-3.9890,142.9632,-0.0627,-0.1480,-0.0444,0.9860,1521.0000,1867.0000,1873.0000,,,,
5.1723,130,1,8.8014,-38.0046,121.4875,12.7269,-7.3538,141.5756,-0.0602,-0.1474,-0.0452,0.9862,1562.0000,1867.0000,1873.0000,,,,
5.1843,130,1,8.8014,-38.0046,121.4875,12.7269,-7.3538,141.5756,-0.0602,-0.1474,-0.0452,0.9862,1602.0000,1867.0000,1852.0000,,,,
5.1968,130,1,8.8014,-38.0046,121.4875,12.7269,-7.3538,141.5756,-0.0602,-0.1474,-0.0452,0.9862,1638.0000,1867.0000,1824.0000,,,,
5.2083,130,1,6.5314,-41.2203,121.4806,10.8310,-10.6198,141.5687,-0.0662,-0.1486,-0.0474,0.9855,1670.0000,1867.0000,1799.0000,,,,
5.2173,130,1,6.5314,-41.2203,121.4806,10.8310,-10.6198,141.5687,-0.0662,-0.1486,-0.0474,0.9855,1689.0000,1867.0000,1784.0000,,,,
5.2282,130,1,2.9919,-44.0152,118.1379,7.4066,-13.4310,138.2259,0.0000,0.0000,0.0000,1.0000,1717.0000,1867.0000,1766.0000,,,,
5.2403,130,1,2.9919,-44.0152,118.1379,7.4066,-13.4310,138.2259,0.0000,0.0000,0.0000,1.0000,1755.0000,1867.0000,1744.0000,,,,
5.2523,130,1,2.9919,-44.0152,118.1379,7.4066,-13.4310,138.2259,0.0000,0.0000,0.0000,1.0000,1787.0000,1867.0000,1727.0000,,,,
5.2648,130,1,1.1073,-45.3243,116.8267,5.7195,-14.7693,136.9148,0.0000,0.0000,0.0000,1.0000,1824.0000,1867.0000,1708.0000,,,,
5.2763,130,1,1.1073,-45.3243,116.8267,5.7195,-14.7693,136.9148,0.0000,0.0000,0.0000,1.0000,1847.0000,1867.0000,1695.0000,,,,
5.2855,130,1,-1.1208,-46.7310,114.3912,3.5599,-16.1865,134.4793,0.0000,0.0000,0.0000,1.0000,1866.0000,1867.0000,1685.0000,,,,
5.2963,130,1,-1.1208,-46.7310,114.3912,3.5599,-16.1865,134.4793,0.0000,0.0000,0.0000,1.0000,1881.0000,1867.0000,1672.0000,,,,
5.3083,130,1,-1.1208,-46.7310,114.3912,3.5599,-16.1865,134.4793,0.0000,0.0000,0.0000,1.0000,1882.0000,1867.0000,1664.0000,,,,
5.3202,130,1,-3.0120,-47.6728,113.1179,2.0161,-17.1835,133.2060,0.0000,0.0000,0.0000,1.0000,1882.0000,1867.0000,1654.0000,,,,
5.3322,130,1,-3.0120,-47.6728,113.1179,2.0161,-17.1835,133.2060,0.0000,0.0000,0.0000,1.0000,1883.0000,1867.0000,1648.0000,,,,
5.3411,130,1,-4.9478,-47.1720,111.4095,-0.0176,-16.6667,131.4976,0.0000,0.0000,0.0000,1.0000,1883.0000,1867.0000,1642.0000,,,,
5.3523,130,1,-4.9478,-47.1720,111.4095,-0.0176,-16.6667,131.4976,0.0000,0.0000,0.0000,1.0000,1883.0000,1867.0000,1635.0000,,,,
5.3642,130,1,-5.7594,-46.4956,108.6840,-0.4842,-16.0481,128.7721,0.0000,0.0000,0.0000,1.0000,1883.0000,1867.0000,1628.0000,,,,
5.3763,130,1,-5.7594,-46.4956,108.6840,-0.4842,-16.0481,128.7721,0.0000,0.0000,0.0000,1.0000,1883.0000,1867.0000,1624.0000,,,,
5.3883,130,1,-5.7594,-46.4956,108.6840,-0.4842,-16.0481,128.7721,0.0000,0.0000,0.0000,1.0000,1884.0000,1867.0000,1621.0000,,,,
5.4002,130,1,-6.5520,-46.7425,107.6152,-1.1457,-16.3180,127.7032,0.0000,0.0000,0.0000,1.0000,1884.0000,1867.0000,1619.0000,,,,
5.4092,130,1,-6.5520,-46.7425,107.6152,-1.1457,-16.3180,127.7032,0.0000,0.0000,0.0000,1.0000,1884.0000,1867.0000,1618.0000,,,,
5.4201,130,1,-7.5100,-47.5497,107.6196,-1.7136,-17.1971,127.7077,0.0000,0.0000,0.0000,1.0000,1884.0000,1867.0000,1618.0000,,,,
5.4322,130,1,-7.5100,-47.5497,107.6196,-1.7136,-17.1971,127.7077,0.0000,0.0000,0.0000,1.0000,1884.0000,1867.0000,1616.0000,,,,
5.4442,130,1,-7.5100,-47.5497,107.6196,-1.7136,-17.1971,127.7077,0.0000,0.0000,0.0000,1.0000,1884.0000,1867.0000,1614.0000,,,,
5.4562,130,1,-7.6527,-47.2797,106.4213,-2.0233,-16.8957,126.5094,0.0000,0.0000,0.0000,1.0000,1884.0000,1867.0000,1614.0000,,,,
5.4682,130,1,-7.6527,-47.2797,106.4213,-2.0233,-16.8957,126.5094,0.0000,0.0000,0.0000,1.0000,1884.0000,1867.0000,1612.0000,,,,
5.4773,130,1,-7.1208,-46.5719,105.4029,-1.4690,-16.1920,125.4910,0.0000,0.0000,0.0000,1.0000,1885.0000,1867.0000,1615.0000,,,,
5.4883,130,1,-7.1208,-46.5719,105.4029,-1.4690,-16.1920,125.4910,0.0000,0.0000,0.0000,1.0000,1885.0000,1867.0000,1617.0000,,,,
5.5002,130,1,-6.3728,-46.0347,104.7426,-0.7874,-15.6425,124.8307,0.0000,0.0000,0.0000,1.0000,1885.0000,1867.0000,1619.0000,,,,
5.5124,130,1,-6.3728,-46.0347,104.7426,-0.7874,-15.6425,124.8307,0.0000,0.0000,0.0000,1.0000,1885.0000,1867.0000,1624.0000,,,,
5.5241,130,1,-5.7585,-45.6963,102.9316,-0.0386,-15.3292,123.0197,0.0000,0.0000,0.0000,1.0000,1885.0000,1867.0000,1626.0000,,,,
5.5334,130,1,-5.7585,-45.6963,102.9316,-0.0386,-15.3292,123.0197,0.0000,0.0000,0.0000,1.0000,1885.0000,1867.0000,1627.0000,,,,
5.5441,130,1,-5.7585,-45.6963,102.9316,-0.0386,-15.3292,123.0197,0.0000,0.0000,0.0000,1.0000,1885.0000,1867.0000,1627.0000,,,,
5.5562,130,1,-5.7940,-51.4015,112.8103,-0.5559,-20.9476,132.8984,0.0000,0.0000,0.0000,1.0000,1885.0000,1867.0000,1626.0000,,,,
5.5687,130,1,-5.7940,-51.4015,112.8103,-0.5559,-20.9476,132.8984,0.0000,0.0000,0.0000,1.0000,1885.0000,1867.0000,1624.0000,,,,
5.5803,130,1,-4.1761,-46.5592,98.6831,1.5784,-16.1986,118.7712,0.0000,0.0000,0.0000,1.0000,1885.0000,1867.0000,1622.0000,,,,
5.5924,130,1,-4.1761,-46.5592,98.6831,1.5784,-16.1986,118.7712,0.0000,0.0000,0.0000,1.0000,1885.0000,1867.0000,1620.0000,,,,
5.6015,130,1,-3.2408,-47.0074,97.1363,2.6001,-16.6634,117.2244,0.0000,0.0000,0.0000,1.0000,1885.0000,1867.0000,1618.0000,,,,
5.6123,130,1,-3.2408,-47.0074,97.1363,2.6001,-16.6634,117.2244,0.0000,0.0000,0.0000,1.0000,1885.0000,1867.0000,1617.0000,,,,
5.6244,130,1,-3.2408,-47.0074,97.1363,2.6001,-16.6634,117.2244,0.0000,0.0000,0.0000,1.0000,1885.0000,1867.0000,1615.0000,,,,
5.6365,130,1,-2.2780,-47.7970,96.4954,3.4763,-17.4364,116.5835,0.0000,0.0000,0.0000,1.0000,1886.0000,1867.0000,1614.0000,,,,
5.6483,130,1,-2.2780,-47.7970,96.4954,3.4763,-17.4364,116.5835,0.0000,0.0000,0.0000,1.0000,1886.0000,1867.0000,1614.0000,,,,
5.6602,130,1,-1.0595,-47.0629,92.9229,4.7970,-16.7218,113.0110,0.0000,0.0000,0.0000,1.0000,1886.0000,1867.0000,1612.0000,,,,
5.6692,130,1,-1.0595,-47.0629,92.9229,4.7970,-16.7218,113.0110,0.0000,0.0000,0.0000,1.0000,1886.0000,1867.0000,1611.0000,,,,
5.6802,130,1,-0.2942,-47.7735,93.4820,5.5430,-17.4287,113.5701,0.0000,0.0000,0.0000,1.0000,1886.0000,1867.0000,1609.0000,,,,
5.6921,130,1,-0.2942,-47.7735,93.4820,5.5430,-17.4287,113.5701,0.0000,0.0000,0.0000,1.0000,1886.0000,1867.0000,1607.0000,,,,
5.7049,130,1,0.5077,-47.2299,91.8635,6.4813,-16.9117,111.9516,0.0000,0.0000,0.0000,1.0000,1886.0000,1867.0000,1608.0000,,,,
5.7162,130,1,0.5077,-47.2299,91.8635,6.4813,-16.9117,111.9516,0.0000,0.0000,0.0000,1.0000,1886.0000,1867.0000,1610.0000,,,,
5.7253,130,1,1.3074,-46.7970,90.3268,7.3285,-16.4882,110.4149,0.0000,0.0000,0.0000,1.0000,1886.0000,1867.0000,1612.0000,,,,
5.7362,130,1,1.3074,-46.7970,90.3268,7.3285,-16.4882,110.4149,0.0000,0.0000,0.0000,1.0000,1886.0000,1867.0000,1612.0000,,,,
5.7482,130,1,2.0865,-46.9933,89.8492,7.7844,-16.6221,109.9373,0.0000,0.0000,0.0000,1.0000,1886.0000,1867.0000,1613.0000,,,,
5.7602,130,1,2.0865,-46.9933,89.8492,7.7844,-16.6221,109.9373,0.0000,0.0000,0.0000,1.0000,1886.0000,1867.0000,1617.0000,,,,
5.7722,130,1,2.5566,-46.4289,88.0236,8.7023,-16.1451,108.1116,0.0000,0.0000,0.0000,1.0000,1886.0000,1867.0000,1620.0000,,,,
5.7844,130,1,2.5566,-46.4289,88.0236,8.7023,-16.1451,108.1116,0.0000,0.0000,0.0000,1.0000,1886.0000,1867.0000,1621.0000,,,,
5.7933,130,1,2.5566,-46.4289,88.0236,8.7023,-16.1451,108.1116,0.0000,0.0000,0.0000,1.0000,1886.0000,1867.0000,1622.0000,,,,
5.8043,130,1,3.2470,-46.1138,86.9925,9.2570,-15.8028,107.0806,0.0000,0.0000,0.0000,1.0000,1886.0000,1867.0000,1625.0000,,,,
5.8161,130,1,3.2470,-46.1138,86.9925,9.2570,-15.8028,107.0806,0.0000,0.0000,0.0000,1.0000,1886.0000,1867.0000,1628.0000,,,,
5.8281,130,1,3.9944,-45.4232,84.8167,9.9151,-15.0946,104.9048,0.0000,0.0000,0.0000,1.0000,1886.0000,1867.0000,1631.0000,,,,
5.8402,130,1,4.2370,-45.4709,84.9192,10.0790,-15.1270,105.0072,0.0000,0.0000,0.0000,1.0000,1886.0000,1867.0000,1634.0000,,,,
5.8492,130,1,4.2370,-45.4709,84.9192,10.0790,-15.1270,105.0072,0.0000,0.0000,0.0000,1.0000,1886.0000,1867.0000,1634.0000,,,,
5.8600,130,1,4.2370,-45.4709,84.9192,10.0790,-15.1270,105.0072,0.0000,0.0000,0.0000,1.0000,1886.0000,1867.0000,1634.0000,,,,
5.8721,130,1,4.0669,-44.4075,82.9378,10.0452,-14.0902,103.0259,0.0000,0.0000,0.0000,1.0000,1886.0000,1867.0000,1640.0000,,,,
5.8841,130,1,4.0792,-42.5703,81.2172,10.1408,-12.2696,101.3053,0.0000,0.0000,0.0000,1.0000,1886.0000,1867.0000,1644.0000,,,,
5.8960,130,1,4.0792,-42.5703,81.2172,10.1408,-12.2696,101.3053,0.0000,0.0000,0.0000,1.0000,1883.0000,1867.0000,1653.0000,,,,
5.9082,130,1,4.1382,-41.6629,80.0624,9.8911,-11.3020,100.1505,0.0000,0.0000,0.0000,1.0000,1875.0000,1867.0000,1660.0000,,,,
5.9171,130,1,4.1382,-41.6629,80.0624,9.8911,-11.3020,100.1505,0.0000,0.0000,0.0000,1.0000,1872.0000,1867.0000,1663.0000,,,,
5.9280,130,1,4.2295,-41.2348,79.2046,10.4135,-10.9588,99.2927,0.0000,0.0000,0.0000,1.0000,1868.0000,1867.0000,1667.0000,,,,
5.9401,130,1,4.2295,-41.2348,79.2046,10.4135,-10.9588,99.2927,0.0000,0.0000,0.0000,1.0000,1861.0000,1867.0000,1675.0000,,,,
5.9521,130,1,4.4389,-40.8339,77.9590,10.3304,-10.4996,98.0471,0.0000,0.0000,0.0000,1.0000,1856.0000,1867.0000,1680.0000,,,,
5.9640,130,1,4.4389,-40.8339,77.9590,10.3304,-10.4996,98.0471,0.0000,0.0000,0.0000,1.0000,1851.0000,1867.0000,1684.0000,,,,
5.9760,130,1,4.5853,-40.3549,76.8263,10.3480,-9.9959,96.9144,0.0000,0.0000,0.0000,1.0000,1846.0000,1867.0000,1689.0000,,,,
5.9854,130,1,4.5853,-40.3549,76.8263,10.3480,-9.9959,96.9144,0.0000,0.0000,0.0000,1.0000,1843.0000,1867.0000,1692.0000,,,,
5.9962,130,1,4.9462,-40.2300,76.1437,11.0066,-9.9290,96.2318,0.0000,0.0000,0.0000,1.0000,1840.0000,1867.0000,1696.0000,,,,
6.0081,130,1,4.9462,-40.2300,76.1437,11.0066,-9.9290,96.2318,0.0000,0.0000,0.0000,1.0000,1838.0000,1867.0000,1699.0000,,,,
6.0201,130,1,5.3620,-40.0241,74.6488,11.3036,-9.6995,94.7369,0.0000,0.0000,0.0000,1.0000,1832.0000,1867.0000,1701.0000,,,,
6.0319,130,1,5.3620,-40.0241,74.6488,11.3036,-9.6995,94.7369,0.0000,0.0000,0.0000,1.0000,1825.0000,1867.0000,1703.0000,,,,
6.0407,130,1,5.7700,-40.3579,74.1571,11.6362,-10.0187,94.2451,0.0000,0.0000,0.0000,1.0000,1819.0000,1867.0000,1704.0000,,,,
6.0521,130,1,5.7700,-40.3579,74.1571,11.6362,-10.0187,94.2451,0.0000,0.0000,0.0000,1.0000,1812.0000,1867.0000,1706.0000,,,,
6.0644,130,1,5.9254,-40.9432,72.9473,11.8192,-10.6094,93.0353,0.0000,0.0000,0.0000,1.0000,1808.0000,1867.0000,1706.0000,,,,
6.0761,130,1,6.2186,-42.0747,71.7624,12.1885,-11.7557,91.8505,0.0000,0.0000,0.0000,1.0000,1806.0000,1867.0000,1705.0000,,,,
6.0880,130,1,6.2186,-42.0747,71.7624,12.1885,-11.7557,91.8505,0.0000,0.0000,0.0000,1.0000,1809.0000,1867.0000,1704.0000,,,,
6.0998,130,1,6.4429,-42.9904,72.3535,12.3207,-12.6535,92.4416,0.0000,0.0000,0.0000,1.0000,1811.0000,1867.0000,1699.0000,,,,
6.1088,130,1,6.4429,-42.9904,72.3535,12.3207,-12.6535,92.4416,0.0000,0.0000,0.0000,1.0000,1813.0000,1867.0000,1695.0000,,,,
6.1201,130,1,6.8369,-43.6471,70.9281,12.8933,-13.3453,91.0161,0.0000,0.0000,0.0000,1.0000,1814.0000,1867.0000,1692.0000,,,,
6.1320,130,1,6.8369,-43.6471,70.9281,12.8933,-13.3453,91.0161,0.0000,0.0000,0.0000,1.0000,1814.0000,1867.0000,1690.0000,,,,
6.1442,130,1,7.3141,-45.1185,70.2034,13.3473,-14.8121,90.2915,0.0000,0.0000,0.0000,1.0000,1819.0000,1867.0000,1683.0000,,,,
6.1561,130,1,7.7009,-46.7464,69.7984,13.8791,-16.4692,89.8865,0.0000,0.0000,0.0000,1.0000,1822.0000,1867.0000,1677.0000,,,,
6.1681,130,1,7.7009,-46.7464,69.7984,13.8791,-16.4692,89.8865,0.0000,0.0000,0.0000,1.0000,1823.0000,1867.0000,1669.0000,,,,
6.1768,130,1,7.6974,-46.4266,68.1695,13.8673,-16.1478,88.2576,0.0000,0.0000,0.0000,1.0000,1821.0000,1867.0000,1665.0000,,,,
6.1881,130,1,7.6974,-46.4266,68.1695,13.8673,-16.1478,88.2576,0.0000,0.0000,0.0000,1.0000,1817.0000,1867.0000,1660.0000,,,,
6.2000,130,1,8.2788,-47.2662,67.0189,14.5311,-17.0042,87.1070,0.0000,0.0000,0.0000,1.0000,1814.0000,1867.0000,1654.0000,,,,
6.2121,130,1,8.7624,-47.9211,65.4737,15.0781,-17.6722,85.5618,0.0000,0.0000,0.0000,1.0000,1812.0000,1867.0000,1648.0000,,,,
6.2241,130,1,8.7624,-47.9211,65.4737,15.0781,-17.6722,85.5618,0.0000,0.0000,0.0000,1.0000,1813.0000,1867.0000,1642.0000,,,,
6.2328,130,1,9.1810,-48.7214,65.5615,15.4464,-18.4621,85.6495,0.0000,0.0000,0.0000,1.0000,1812.0000,1867.0000,1639.0000,,,,
6.2439,130,1,9.1810,-48.7214,65.5615,15.4464,-18.4621,85.6495,0.0000,0.0000,0.0000,1.0000,1809.0000,1867.0000,1632.0000,,,,
6.2560,130,1,9.6940,-49.4033,64.3168,15.7955,-19.1106,84.4049,0.0000,0.0000,0.0000,1.0000,1805.0000,1867.0000,1627.0000,,,,
6.2679,130,1,9.6940,-49.4033,64.3168,15.7955,-19.1106,84.4049,0.0000,0.0000,0.0000,1.0000,1801.0000,1867.0000,1624.0000,,,,
6.2802,130,1,9.9277,-49.3270,62.2403,16.0477,-19.0380,82.3284,0.0000,0.0000,0.0000,1.0000,1799.0000,1867.0000,1619.0000,,,,
6.2920,130,1,10.3425,-50.1179,61.5082,16.5569,-19.8481,81.5962,0.0000,0.0000,0.0000,1.0000,1796.0000,1867.0000,1616.0000,,,,
6.3007,130,1,10.3425,-50.1179,61.5082,16.5569,-19.8481,81.5962,0.0000,0.0000,0.0000,1.0000,1795.0000,1867.0000,1614.0000,,,,
6.3120,130,1,10.4420,-50.7127,61.0084,16.5982,-20.4311,81.0965,0.0000,0.0000,0.0000,1.0000,1792.0000,1867.0000,1610.0000,,,,
6.3240,130,1,10.4420,-50.7127,61.0084,16.5982,-20.4311,81.0965,0.0000,0.0000,0.0000,1.0000,1790.0000,1867.0000,1605.0000,,,,
6.3360,130,1,10.6824,-51.3968,59.4499,16.9730,-21.1428,79.5380,0.0000,0.0000,0.0000,1.0000,1790.0000,1867.0000,1597.0000,,,,
6.3483,130,1,11.1235,-52.6712,59.3082,17.1171,-22.3569,79.3962,0.0000,0.0000,0.0000,1.0000,1788.0000,1867.0000,1590.0000,,,,
6.3597,130,1,11.1235,-52.6712,59.3082,17.1171,-22.3569,79.3962,0.0000,0.0000,0.0000,1.0000,1787.0000,1867.0000,1586.0000,,,,
6.3683,130,1,11.0717,-51.6784,57.4252,17.4867,-21.4505,77.5132,0.0000,0.0000,0.0000,1.0000,1786.0000,1867.0000,1587.0000,,,,
6.3799,130,1,11.4599,-52.3442,56.7579,17.5258,-22.0443,76.8460,0.0000,0.0000,0.0000,1.0000,1785.0000,1867.0000,1587.0000,,,,
6.3918,130,1,11.4599,-52.3442,56.7579,17.5258,-22.0443,76.8460,0.0000,0.0000,0.0000,1.0000,1782.0000,1867.0000,1585.0000,,,,
6.4038,130,1,11.5972,-52.3030,56.1488,17.9352,-22.0589,76.2369,0.0000,0.0000,0.0000,1.0000,1780.0000,1867.0000,1583.0000,,,,
6.4158,130,1,11.9013,-52.3920,54.8849,18.0263,-22.1040,74.9730,0.0000,0.0000,0.0000,1.0000,1778.0000,1867.0000,1582.0000,,,,
6.4247,130,1,11.9013,-52.3920,54.8849,18.0263,-22.1040,74.9730,0.0000,0.0000,0.0000,1.0000,1780.0000,1867.0000,1582.0000,,,,
6.4359,130,1,12.3625,-53.7766,55.6157,18.3394,-23.4590,75.7037,0.0000,0.0000,0.0000,1.0000,1781.0000,1867.0000,1582.0000,,,,
6.4478,130,1,12.3625,-53.7766,55.6157,18.3394,-23.4590,75.7037,0.0000,0.0000,0.0000,1.0000,1783.0000,1867.0000,1583.0000,,,,
6.4600,130,1,12.7251,-53.6586,54.3627,18.5973,-23.3206,74.4508,0.0000,0.0000,0.0000,1.0000,1784.0000,1867.0000,1582.0000,,,,
6.4720,130,0,12.8575,-53.2833,52.8264,18.7861,-22.9563,72.9145,0.0000,0.0000,0.0000,1.0000,1795.0000,1867.0000,1611.0000,,,,
6.4839,130,0,12.8603,-52.5922,51.5499,18.4100,-22.1935,71.6379,0.0000,0.0000,0.0000,1.0000,1797.0000,1867.0000,1608.0000,,,,
6.4924,130,0,12.8603,-52.5922,51.5499,18.4100,-22.1935,71.6379,0.0000,0.0000,0.0000,1.0000,1798.0000,1867.0000,1608.0000,,,,
6.5048,130,0,12.8696,-52.5985,51.3810,18.7909,-22.2701,71.4691,0.0000,0.0000,0.0000,1.0000,1799.0000,1867.0000,1609.0000,,,,
6.5159,130,0,12.4900,-52.1130,49.9286,18.2010,-21.7442,70.0166,0.0000,0.0000,0.0000,1.0000,1799.0000,1867.0000,1609.0000,,,,
6.5278,130,0,12.4900,-52.1130,49.9286,18.2010,-21.7442,70.0166,0.0000,0.0000,0.0000,1.0000,1800.0000,1867.0000,1610.0000,,,,
6.5399,130,0,12.5061,-52.1668,49.4312,18.0422,-21.7656,69.5193,0.0000,0.0000,0.0000,1.0000,1801.0000,1867.0000,1611.0000,,,,
6.5518,130,0,12.3853,-51.5473,48.3892,18.3231,-21.2220,68.4773,0.0000,0.0000,0.0000,1.0000,1802.0000,1867.0000,1611.0000,,,,
6.5604,130,0,12.3853,-51.5473,48.3892,18.3231,-21.2220,68.4773,0.0000,0.0000,0.0000,1.0000,1801.0000,1867.0000,1613.0000,,,,
6.5721,130,0,12.8032,-52.1152,47.9500,18.6036,-21.7634,68.0381,0.0000,0.0000,0.0000,1.0000,1801.0000,1867.0000,1614.0000,,,,
6.5843,130,0,12.7128,-52.6495,47.5837,18.3874,-22.2739,67.6718,0.0000,0.0000,0.0000,1.0000,1800.0000,1867.0000,1614.0000,,,,
6.5964,130,0,12.7128,-52.6495,47.5837,18.3874,-22.2739,67.6718,0.0000,0.0000,0.0000,1.0000,1802.0000,1867.0000,1612.0000,,,,
6.6080,130,0,12.4943,-51.7733,46.1169,18.3008,-21.4227,66.2050,0.0000,0.0000,0.0000,1.0000,1802.0000,1867.0000,1612.0000,,,,
6.6167,130,0,12.3813,-51.1347,44.5265,18.0099,-20.7505,64.6145,0.0000,0.0000,0.0000,1.0000,1802.0000,1867.0000,1612.0000,,,,
6.6279,130,0,12.3813,-51.1347,44.5265,18.0099,-20.7505,64.6145,0.0000,0.0000,0.0000,1.0000,1802.0000,1867.0000,1615.0000,,,,
6.6399,130,0,12.0511,-50.1751,42.9896,16.8819,-19.6539,63.0777,0.0000,0.0000,0.0000,1.0000,1801.0000,1867.0000,1618.0000,,,,
6.6519,130,0,12.3891,-51.6951,43.2866,18.1756,-21.3406,63.3747,0.0000,0.0000,0.0000,1.0000,1802.0000,1867.0000,1622.0000,,,,
6.6641,130,0,12.3891,-51.6951,43.2866,18.1756,-21.3406,63.3747,0.0000,0.0000,0.0000,1.0000,1802.0000,1867.0000,1621.0000,,,,
6.6759,130,0,12.5472,-52.1790,42.9277,18.2570,-21.8100,63.0158,0.0000,0.0000,0.0000,1.0000,1802.0000,1867.0000,1621.0000,,,,
6.6844,130,0,13.3437,-55.7586,43.9352,19.4584,-25.4686,64.0233,0.0000,0.0000,0.0000,1.0000,1803.0000,1867.0000,1618.0000,,,,
6.6958,130,0,13.3437,-55.7586,43.9352,19.4584,-25.4686,64.0233,0.0000,0.0000,0.0000,1.0000,1805.0000,1867.0000,1609.0000,,,,
6.7081,130,0,12.5318,-55.6105,43.2256,18.8208,-25.3562,63.3137,0.0000,0.0000,0.0000,1.0000,1808.0000,1867.0000,1601.0000,,,,
6.7199,130,0,12.0894,-55.3755,41.1877,17.7406,-24.9956,61.2758,0.0000,0.0000,0.0000,1.0000,1811.0000,1867.0000,1596.0000,,,,
6.7327,130,0,12.0654,-55.7161,40.5064,18.3768,-25.4664,60.5944,0.0000,0.0000,0.0000,1.0000,1816.0000,1867.0000,1591.0000,,,,
6.7415,130,0,12.0654,-55.7161,40.5064,18.3768,-25.4664,60.5944,0.0000,0.0000,0.0000,1.0000,1819.0000,1867.0000,1588.0000,,,,
6.7519,130,0,12.1014,-54.8966,39.3902,19.0216,-24.7803,59.4783,0.0000,0.0000,0.0000,1.0000,1821.0000,1867.0000,1585.0000,,,,
6.7637,130,0,12.2910,-55.2848,37.3819,18.3478,-24.9831,57.4700,0.0000,0.0000,0.0000,1.0000,1820.0000,1867.0000,1584.0000,,,,
6.7758,130,0,12.2910,-55.2848,37.3819,18.3478,-24.9831,57.4700,0.0000,0.0000,0.0000,1.0000,1822.0000,1867.0000,1583.0000,,,,
6.7877,130,0,11.9322,-53.5482,36.8836,18.4271,-23.3373,56.9717,0.0000,0.0000,0.0000,1.0000,1823.0000,1867.0000,1582.0000,,,,
6.7998,130,0,13.3667,-56.8309,36.6707,19.8856,-26.6253,56.7588,0.0000,0.0000,0.0000,1.0000,1821.0000,1867.0000,1584.0000,,,,
6.8083,130,0,12.4623,-56.0863,35.8318,18.3385,-25.7490,55.9199,0.0000,0.0000,0.0000,1.0000,1821.0000,1867.0000,1580.0000,,,,
6.8198,130,0,12.4623,-56.0863,35.8318,18.3385,-25.7490,55.9199,0.0000,0.0000,0.0000,1.0000,1823.0000,1867.0000,1578.0000,,,,
6.8320,130,0,13.2868,-57.7082,35.6072,19.8269,-27.5071,55.6952,0.0000,0.0000,0.0000,1.0000,1825.0000,1867.0000,1576.0000,,,,
6.8440,130,0,14.6430,-57.9078,33.1289,20.5487,-27.5763,53.2170,0.0000,0.0000,0.0000,1.0000,1825.0000,1867.0000,1570.0000,,,,
6.8559,130,0,12.8714,-54.6472,31.3087,17.0332,-24.0276,51.3967,0.0000,0.0000,0.0000,1.0000,1824.0000,1867.0000,1566.0000,,,,
6.8678,130,0,12.8714,-54.6472,31.3087,17.0332,-24.0276,51.3967,0.0000,0.0000,0.0000,1.0000,1827.0000,1867.0000,1570.0000,,,,
6.8764,130,0,13.3933,-56.8006,31.7826,18.9771,-26.4081,51.8707,0.0000,0.0000,0.0000,1.0000,1828.0000,1867.0000,1573.0000,,,,
6.8879,130,0,13.3072,-52.2730,28.5680,16.9438,-21.5866,48.6560,0.0000,0.0000,0.0000,1.0000,1828.0000,1867.0000,1571.0000,,,,
6.8998,130,0,13.3072,-52.2730,28.5680,16.9438,-21.5866,48.6560,0.0000,0.0000,0.0000,1.0000,1826.0000,1867.0000,1580.0000,,,,
6.9118,130,0,13.7575,-53.9086,28.7648,16.7583,-23.1535,48.8528,0.0000,0.0000,0.0000,1.0000,1825.0000,1867.0000,1588.0000,,,,
6.9237,130,0,18.6687,-62.9732,26.4021,21.4833,-32.2006,46.4902,0.0000,0.0000,0.0000,1.0000,1827.0000,1867.0000,1588.0000,,,,
6.9323,130,0,14.0959,-51.3948,25.5324,16.9879,-20.6294,45.6204,0.0000,0.0000,0.0000,1.0000,1829.0000,1867.0000,1575.0000,,,,
6.9438,130,0,14.0959,-51.3948,25.5324,16.9879,-20.6294,45.6204,0.0000,0.0000,0.0000,1.0000,1826.0000,1867.0000,1585.0000,,,,
6.9557,130,0,17.6094,-57.2852,26.0304,19.7530,-26.4585,46.1184,0.0000,0.0000,0.0000,1.0000,1823.0000,1867.0000,1593.0000,,,,
6.9676,130,0,27.1553,-74.7793,25.8542,30.2996,-44.0386,45.9422,0.0000,0.0000,0.0000,1.0000,1822.0000,1867.0000,1582.0000,,,,
6.9798,130,0,14.5602,-51.0435,25.4991,17.4116,-20.2742,45.5872,0.0000,0.0000,0.0000,1.0000,1820.0000,1867.0000,1542.0000,,,,
6.9918,130,0,16.0753,-53.4338,24.8237,18.5550,-22.6324,44.9117,0.0000,0.0000,0.0000,1.0000,1816.0000,1867.0000,1561.0000,,,,
7.0002,130,0,16.0753,-53.4338,24.8237,18.5550,-22.6324,44.9117,0.0000,0.0000,0.0000,1.0000,1815.0000,1867.0000,1568.0000,,,,
7.0118,130,0,15.2047,-51.0038,23.9912,18.2913,-20.2572,44.0793,0.0000,0.0000,0.0000,1.0000,1812.0000,1867.0000,1576.0000,1634.0000,326.0000,448.5330,89.4870
